lat_nano	lon_nano	level	cell_id_hex
-90000000000	-180000000000	30	0xb000000000000001
-90000000000	-170000000000	30	0xb000000000000001
-90000000000	-160000000000	30	0xb000000000000001
-90000000000	-150000000000	30	0xb000000000000001
-90000000000	-140000000000	30	0xb000000000000001
-90000000000	-130000000000	30	0xb000000000000001
-90000000000	-120000000000	30	0xb000000000000001
-90000000000	-110000000000	30	0xb000000000000001
-90000000000	-100000000000	30	0xb000000000000001
-90000000000	-90000000000	30	0xb000000000000001
-90000000000	-80000000000	30	0xb000000000000001
-90000000000	-70000000000	30	0xb000000000000001
-90000000000	-60000000000	30	0xb000000000000001
-90000000000	-50000000000	30	0xb000000000000001
-90000000000	-40000000000	30	0xb000000000000001
-90000000000	-30000000000	30	0xb000000000000001
-90000000000	-20000000000	30	0xb000000000000001
-90000000000	-10000000000	30	0xb000000000000001
-90000000000	0	30	0xb000000000000001
-90000000000	10000000000	30	0xb000000000000001
-90000000000	20000000000	30	0xb000000000000001
-90000000000	30000000000	30	0xb000000000000001
-90000000000	40000000000	30	0xb000000000000001
-90000000000	50000000000	30	0xb000000000000001
-90000000000	60000000000	30	0xb000000000000001
-90000000000	70000000000	30	0xb000000000000001
-90000000000	80000000000	30	0xb000000000000001
-90000000000	90000000000	30	0xb000000000000001
-90000000000	100000000000	30	0xb000000000000001
-90000000000	110000000000	30	0xb000000000000001
-90000000000	120000000000	30	0xb000000000000001
-90000000000	130000000000	30	0xb000000000000001
-90000000000	140000000000	30	0xb000000000000001
-90000000000	150000000000	30	0xb000000000000001
-90000000000	160000000000	30	0xb000000000000001
-90000000000	170000000000	30	0xb000000000000001
-90000000000	180000000000	30	0xb000000000000001
-80000000000	-180000000000	30	0xaf8078a829fd601d
-80000000000	-170000000000	30	0xa57903d6025b444f
-80000000000	-160000000000	30	0xa576b85713188841
-80000000000	-150000000000	30	0xa57332eab285a0d1
-80000000000	-140000000000	30	0xa511f936ab29e017
-80000000000	-130000000000	30	0xa510ac73fe2cb547
-80000000000	-120000000000	30	0xa52277bfe2d0f5d1
-80000000000	-110000000000	30	0xa526bd06470cd841
-80000000000	-100000000000	30	0xa52906d3531a110f
-80000000000	-90000000000	30	0xbad52cad2cad354d
-80000000000	-80000000000	30	0xbad6f92cace5eef1
-80000000000	-70000000000	30	0xbad942f9b8f327bf
-80000000000	-60000000000	30	0xbadd88401d2f0a2f
-80000000000	-50000000000	30	0xbaef538c01d34ab9
-80000000000	-40000000000	30	0xbaee06c954d61fe9
-80000000000	-30000000000	30	0xba8ccd154d7a5f2f
-80000000000	-20000000000	30	0xba8947a8ece777bf
-80000000000	-10000000000	30	0xba86fc29fda4bbb1
-80000000000	0	30	0xb07f8757d6029fe3
-80000000000	10000000000	30	0xb07c5387564f445b
-80000000000	20000000000	30	0xb063ed031649cd15
-80000000000	30000000000	30	0xb06762eaa7d1b485
-80000000000	40000000000	30	0xb044a966aa7df543
-80000000000	50000000000	30	0xb045fc23ff78a013
-80000000000	60000000000	30	0xb03627bff784e185
-80000000000	70000000000	30	0xb033e852425d9d15
-80000000000	80000000000	30	0xb02c5682070e111b
-80000000000	90000000000	30	0xb02a82078757dff7
-80000000000	100000000000	30	0xafd3a97df8f1eee5
-80000000000	110000000000	30	0xafcc17adbda262eb
-80000000000	120000000000	30	0xafc9d840087b1e7b
-80000000000	130000000000	30	0xafba03dc00875fed
-80000000000	140000000000	30	0xafbb569955820abd
-80000000000	150000000000	30	0xaf989d15582e4b7b
-80000000000	160000000000	30	0xaf9c12fce9b632eb
-80000000000	170000000000	30	0xaf83ac78a9b0bba5
-80000000000	180000000000	30	0xaf8078a829fd601d
-70000000000	-180000000000	30	0xaf57df7fd5f5ff89
-70000000000	-170000000000	30	0xa5e5fafb861cc347
-70000000000	-160000000000	30	0xa5c501e0fdcbe527
-70000000000	-150000000000	30	0xa5cb3cdb11b50455
-70000000000	-140000000000	30	0xa448ed4e86be5505
-70000000000	-130000000000	30	0xa45ce81b83eb0051
-70000000000	-120000000000	30	0xa48a688e44e05101
-70000000000	-110000000000	30	0xa49055f4f8dea577
-70000000000	-100000000000	30	0xa4a4afaed2089213
-70000000000	-90000000000	30	0xbb52cb2ad4b4aacd
-70000000000	-80000000000	30	0xbb5b50512df76ded
-70000000000	-70000000000	30	0xbb6faa0b07215a89
-70000000000	-60000000000	30	0xbb759771bb1faeff
-70000000000	-50000000000	30	0xbba317e47c14ffaf
-70000000000	-40000000000	30	0xbbb712b17941aafb
-70000000000	-30000000000	30	0xba34c324ee4afbab
-70000000000	-20000000000	30	0xba3afe1f02341ad9
-70000000000	-10000000000	30	0xba1a050479e33cb9
-70000000000	0	30	0xb0a820802a0a0077
-70000000000	10000000000	30	0xb0b0afae834d9743
-70000000000	20000000000	30	0xb0c500a1a99eb033
-70000000000	30000000000	30	0xb0df6d9a45a05101
-70000000000	40000000000	30	0xb119b80ed6bf0051
-70000000000	50000000000	30	0xb10dbd5bd3ea5505
-70000000000	60000000000	30	0xb19e39cf10f50455
-70000000000	70000000000	30	0xb19054b5ac8bf063
-70000000000	80000000000	30	0xb1f1fafbd759c617
-70000000000	90000000000	30	0xb1fd61d57e1e0027
-70000000000	100000000000	30	0xae0e050428a639e9
-70000000000	110000000000	30	0xae6fab4a53740f9d
-70000000000	120000000000	30	0xae61c630ef0afbab
-70000000000	130000000000	30	0xaef242a42c15aafb
-70000000000	140000000000	30	0xaee647f12940ffaf
-70000000000	150000000000	30	0xaf209265ba5faeff
-70000000000	160000000000	30	0xaf3aff5e56614fcd
-70000000000	170000000000	30	0xaf4f50517cb268bd
-70000000000	180000000000	30	0xaf57df7fd5f5ff89
-60000000000	-180000000000	30	0xa89e029fd558aa81
-60000000000	-170000000000	30	0xa640e2a150a6d7f9
-60000000000	-160000000000	30	0xa68adaa9281d5825
-60000000000	-150000000000	30	0xa69648fcf5d8d6e3
-60000000000	-140000000000	30	0xa6a92734aaf5491f
-60000000000	-130000000000	30	0xa3f97675ffb55c5f
-60000000000	-120000000000	30	0xa39319a8e18983a7
-60000000000	-110000000000	30	0xa39f9aac2d4d4d65
-60000000000	-100000000000	30	0xa315b2b404b382ad
-60000000000	-90000000000	30	0xbccb52cad54caad5
-60000000000	-80000000000	30	0xbcea4d4bfb4c7d53
-60000000000	-70000000000	30	0xbc606553d2b2b29b
-60000000000	-60000000000	30	0xbc6ce6571e767c59
-60000000000	-50000000000	30	0xbc06898a004aa3a1
-60000000000	-40000000000	30	0xb956d8cb550ab6e1
-60000000000	-30000000000	30	0xb969b7030a27291d
-60000000000	-20000000000	30	0xb9752556d7e2a7db
-60000000000	-10000000000	30	0xb9bf1d5eaf592807
-60000000000	0	30	0xb761fd602aa7557f
-60000000000	10000000000	30	0xb714f7e151e3d2a9
-60000000000	20000000000	30	0xb6dfcffc7d580871
-60000000000	30000000000	30	0xb6c70dadb49dd3b3
-60000000000	40000000000	30	0xb6ac3361ffa0190b
-60000000000	50000000000	30	0xb3fc6220aae00c4b
-60000000000	60000000000	30	0xb3c25cf9a0cc86f7
-60000000000	70000000000	30	0xb3ca8ff978081d31
-60000000000	80000000000	30	0xb241a7f405f687fd
-60000000000	90000000000	30	0xb275f8757fe2007f
-60000000000	100000000000	30	0xadbe580bfa097803
-60000000000	110000000000	30	0xac35700687f7e2cf
-60000000000	120000000000	30	0xac3da3065f337909
-60000000000	130000000000	30	0xac039ddf551ff3b5
-60000000000	140000000000	30	0xa953cc9e005fe6f5
-60000000000	150000000000	30	0xa938f2524b622c4d
-60000000000	160000000000	30	0xa920300382a7f78f
-60000000000	170000000000	30	0xa8eb081eae1c2d57
-60000000000	180000000000	30	0xa89e029fd558aa81
-50000000000	-180000000000	30	0xa80aaaa077d55555
-50000000000	-170000000000	30	0xa7a2ee0a7b0b0fff
-50000000000	-160000000000	30	0xa716430b0bf6c273
-50000000000	-150000000000	30	0xa0d3512a57008491
-50000000000	-140000000000	30	0xa122152687242951
-50000000000	-130000000000	30	0xa173406382317c05
-50000000000	-120000000000	30	0xa187517f0654d191
-50000000000	-110000000000	30	0xa247171f1eb3c767
-50000000000	-100000000000	30	0xa2f2ef4b2f1f1aab
-50000000000	-90000000000	30	0xbd4aaab532d55555
-50000000000	-80000000000	30	0xbd0d10b4d0e0e555
-50000000000	-70000000000	30	0xbdb8e8e0e14c3899
-50000000000	-60000000000	30	0xbe78ae80f9ab2e6f
-50000000000	-50000000000	30	0xbe8cbf9c7dce83fb
-50000000000	-40000000000	30	0xbeddead978dbd6af
-50000000000	-30000000000	30	0xbf2caed5a8ff7b6f
-50000000000	-20000000000	30	0xb8e9bcf4f4093d8d
-50000000000	-10000000000	30	0xb85d11f584f4f001
-50000000000	0	30	0xb7f5555f882aaaab
-50000000000	10000000000	30	0xb7b7ba1e2e5e5aab
-50000000000	20000000000	30	0xb642465e5ea69337
-50000000000	30000000000	30	0xb5d6042b0301d0c5
-50000000000	40000000000	30	0xb4361576d6647951
-50000000000	50000000000	30	0xb4674033d3712c05
-50000000000	60000000000	30	0xb482047e525585c5
-50000000000	70000000000	30	0xb313124a4be39623
-50000000000	80000000000	30	0xb2e7bb5f7a4a4fff
-50000000000	90000000000	30	0xb2a0000a9d7fffff
-50000000000	100000000000	30	0xad1844a085b5b001
-50000000000	110000000000	30	0xacecedb5b41c69dd
-50000000000	120000000000	30	0xab7dfb81adaa7a3b
-50000000000	130000000000	30	0xab98bfcc2c8ed3fb
-50000000000	140000000000	30	0xabc9ea89299b86af
-50000000000	150000000000	30	0xaa29fbd4fcfe2f3b
-50000000000	160000000000	30	0xa9bdb9a1a1596cc9
-50000000000	170000000000	30	0xa84845e1d1a1a555
-50000000000	180000000000	30	0xa80aaaa077d55555
-40000000000	-180000000000	30	0x72a0000a9d7fffff
-40000000000	-170000000000	30	0x72dfb1828ca2e74d
-40000000000	-160000000000	30	0x735b19d4fe8a27a5
-40000000000	-150000000000	30	0x74cbf2cad86420d5
-40000000000	-140000000000	30	0xa06ffaa76140b3d7
-40000000000	-130000000000	30	0xa03aaff62141f6d3
-40000000000	-120000000000	30	0x9f615d6032db8a2b
-40000000000	-110000000000	30	0x98b0f27e5461884f
-40000000000	-100000000000	30	0x98605a2d221849f7
-40000000000	-90000000000	30	0x97f5555f882aaaab
-40000000000	-80000000000	30	0x97caf0d7c9f2f359
-40000000000	-70000000000	30	0x960e4880fedf32e5
-40000000000	-60000000000	30	0x958be78a88313481
-40000000000	-50000000000	30	0xbfc55009debe092d
-40000000000	-40000000000	30	0xbf9005589ebf4c29
-40000000000	-30000000000	30	0x01deb7df9d716181
-40000000000	-20000000000	30	0x021a5cd5abcb62f1
-40000000000	-10000000000	30	0x028ae48798b7a21d
-40000000000	0	30	0x1d4aaab532d55555
-40000000000	10000000000	30	0x1d751b7867485de3
-40000000000	20000000000	30	0x1de5a32a54349d0f
-40000000000	30000000000	30	0x1e214820628e9e7f
-40000000000	40000000000	30	0xb56ffab33415e387
-40000000000	50000000000	30	0xb53aafe27414a683
-40000000000	60000000000	30	0x209ea29fcd2475d5
-40000000000	70000000000	30	0x274f0d81ab9e77b1
-40000000000	80000000000	30	0x279fa5d2dde7b609
-40000000000	90000000000	30	0x280aaaa077d55555
-40000000000	100000000000	30	0x28350f28360d0ca7
-40000000000	110000000000	30	0x29f1b77f0120cd1b
-40000000000	120000000000	30	0x2a74187577cecb7f
-40000000000	130000000000	30	0xaac5501d8beb597d
-40000000000	140000000000	30	0xaa90054ccbea1c79
-40000000000	150000000000	30	0x6b340d35279bdf2b
-40000000000	160000000000	30	0x6ca4e62b0175d85b
-40000000000	170000000000	30	0x6d204e7d735d18b3
-40000000000	180000000000	30	0x6d5ffff562800001
-30000000000	-180000000000	30	0x7275f8757fe2007f
-30000000000	-170000000000	30	0x724c8f2f06cfa1e9
-30000000000	-160000000000	30	0x738f8ba7216a02f1
-30000000000	-150000000000	30	0x745ed0c0d590b37f
-30000000000	-140000000000	30	0x7572b4dda528277d
-30000000000	-130000000000	30	0x9fc81e364f829d87
-30000000000	-120000000000	30	0x9ee17a3e7e3a1dd5
-30000000000	-110000000000	30	0x993021099ec0ad1b
-30000000000	-100000000000	30	0x99a725d1ac704a13
-30000000000	-90000000000	30	0x9761fd602aa7557f
-30000000000	-80000000000	30	0x971dce7b03dae0bd
-30000000000	-70000000000	30	0x969acbb3746b57b1
-30000000000	-60000000000	30	0x944b8495d4c4a72b
-30000000000	-50000000000	30	0x9522a08ce5787629
-30000000000	-40000000000	30	0x0067f598f02d332d
-30000000000	-30000000000	30	0x010bd1948091f67f
-30000000000	-20000000000	30	0x03da9ee2343e07a5
-30000000000	-10000000000	30	0x03099b7a569af4b9
-30000000000	0	30	0x1ccb52cad54caad5
-30000000000	10000000000	30	0x1cf66485a9650b47
-30000000000	20000000000	30	0x1c25611dcbc1f85b
-30000000000	30000000000	30	0x1ef42e6b7f6e0981
-30000000000	40000000000	30	0x1f980a670fd2ccd3
-30000000000	50000000000	30	0x2037e1c9b07d6279
-30000000000	60000000000	30	0x211e85c181c5e22b
-30000000000	70000000000	30	0x26cfdef6613f52e5
-30000000000	80000000000	30	0x2658da2e538fb5ed
-30000000000	90000000000	30	0x289e029fd558aa81
-30000000000	100000000000	30	0x28e23184fc251f43
-30000000000	110000000000	30	0x2965344c8b94a84f
-30000000000	120000000000	30	0x2bb47b6a2b3b58d5
-30000000000	130000000000	30	0x2add5f731a8789d7
-30000000000	140000000000	30	0x6a8d4b225ad7d883
-30000000000	150000000000	30	0x6ba12f3f2a6f4c81
-30000000000	160000000000	30	0x6c707458de95fd0f
-30000000000	170000000000	30	0x6db370d0f9305e17
-30000000000	180000000000	30	0x6d8a078a801dff81
-20000000000	-180000000000	30	0x71fd61d57e1e0027
-20000000000	-170000000000	30	0x7182f8d7d6ae4abd
-20000000000	-160000000000	30	0x715734330b6be1b1
-20000000000	-150000000000	30	0x7420afc2fe30d4f5
-20000000000	-140000000000	30	0x75e7f638267e1fd9
-20000000000	-130000000000	30	0x9e0d4cc2cdd4b533
-20000000000	-120000000000	30	0x9e9e0568559a2a4b
-20000000000	-110000000000	30	0x9bfc9ed8e0c14b1b
-20000000000	-100000000000	30	0x9a2d022d2c04e013
-20000000000	-90000000000	30	0x90a820802a0a0077
-20000000000	-80000000000	30	0x90d7ac8786af0ab9
-20000000000	-70000000000	30	0x915221765e6bf5a5
-20000000000	-60000000000	30	0x9475fac7ab2481a1
-20000000000	-50000000000	30	0x94a2a76d637f5f89
-20000000000	-40000000000	30	0x00b7e268772a0a9d
-20000000000	-30000000000	30	0x0134af92ff7180e1
-20000000000	-20000000000	30	0x040674624a3ea0f1
-20000000000	-10000000000	30	0x0487a98283fa5fe9
-20000000000	0	30	0x1b52cb2ad4b4aacd
-20000000000	10000000000	30	0x1b78567d7c05a017
-20000000000	20000000000	30	0x1bf98b9db5c15f0f
-20000000000	30000000000	30	0x1ecb506d008e7f1f
-20000000000	40000000000	30	0x1f481d9788d5f563
-20000000000	50000000000	30	0x21f2b33d322b4acd
-20000000000	60000000000	30	0x2161fa97aa65d5b5
-20000000000	70000000000	30	0x240361271f3eb4e5
-20000000000	80000000000	30	0x25d2fdd2d3fb1fed
-20000000000	90000000000	30	0x2f57df7fd5f5ff89
-20000000000	100000000000	30	0x2f2853787950f547
-20000000000	110000000000	30	0x2eadde89a1940a5b
-20000000000	120000000000	30	0x2b8a053854db7e5f
-20000000000	130000000000	30	0x2b5d58929c80a077
-20000000000	140000000000	30	0x6a1809c7d981e027
-20000000000	150000000000	30	0x6bdf503d01cf2b0b
-20000000000	160000000000	30	0x6ea8cbccf4941e4f
-20000000000	170000000000	30	0x6e7d07282951b543
-20000000000	180000000000	30	0x6e029e2a81e1ffd9
-10000000000	-180000000000	30	0x702a82078757dff7
-10000000000	-170000000000	30	0x70551bf251525d91
-10000000000	-160000000000	30	0x71282087039e7fc7
-10000000000	-150000000000	30	0x76e17ac728169d01
-10000000000	-140000000000	30	0x7637d7c0e8fd7e01
-10000000000	-130000000000	30	0x9d98786a4657d5ff
-10000000000	-120000000000	30	0x9c5ed03dd2b932ff
-10000000000	-110000000000	30	0x9b829e2cf975d53d
-10000000000	-100000000000	30	0x9affa419aea8f33b
-10000000000	-90000000000	30	0x907f8757d6029fe3
-10000000000	-80000000000	30	0x90550eb704031891
-10000000000	-70000000000	30	0x9178758253cb7f97
-10000000000	-60000000000	30	0x93b47a967d43d855
-10000000000	-50000000000	30	0x93228294edad2b55
-10000000000	-40000000000	30	0x0772d2c1bcf87f55
-10000000000	-30000000000	30	0x06f42f9378138855
-10000000000	-20000000000	30	0x042d34d656df2a93
-10000000000	-10000000000	30	0x05004ea3040649c5
-10000000000	0	30	0x1ad52cad2cad354d
-10000000000	10000000000	30	0x1affb15cfbf9b63b
-10000000000	20000000000	30	0x1bd2cb29a920d56d
-10000000000	30000000000	30	0x190bd06c87ec77ab
-10000000000	40000000000	30	0x188d2d3e430780ab
-10000000000	50000000000	30	0x22678795b9a82a01
-10000000000	60000000000	30	0x23a12fc22d46cd01
-10000000000	70000000000	30	0x247d61d3068a2ac3
-10000000000	80000000000	30	0x25005be651570cc5
-10000000000	90000000000	30	0x2f8078a829fd601d
-10000000000	100000000000	30	0x2faaf148fbfce76f
-10000000000	110000000000	30	0x2e878a7dac348069
-10000000000	120000000000	30	0x2c4b856982bc27ab
-10000000000	130000000000	30	0x2cdd7d6b1252d4ab
-10000000000	140000000000	30	0x69c8283f170281ff
-10000000000	150000000000	30	0x691e8538d7e962ff
-10000000000	160000000000	30	0x6ed7df78fc618039
-10000000000	170000000000	30	0x6faae40daeada26f
-10000000000	180000000000	30	0x6fd57df878a82009
0	-180000000000	30	0x7000000000000001
0	-170000000000	30	0x707f8757d6029fe3
0	-160000000000	30	0x70a820802a0a0077
0	-150000000000	30	0x7761fd602aa7557f
0	-140000000000	30	0x77f5555f882aaaab
0	-130000000000	30	0x9d4aaab532d55555
0	-120000000000	30	0x9ccb52cad54caad5
0	-110000000000	30	0x9b52cb2ad4b4aacd
0	-100000000000	30	0x9ad52cad2cad354d
0	-90000000000	30	0x9000000000000001
0	-80000000000	30	0x902a82078757dff7
0	-70000000000	30	0x91fd61d57e1e0027
0	-60000000000	30	0x9275f8757fe2007f
0	-50000000000	30	0x92a0000a9d7fffff
0	-40000000000	30	0x080aaaa077d55555
0	-30000000000	30	0x089e029fd558aa81
0	-20000000000	30	0x0f57df7fd5f5ff89
0	-10000000000	30	0x0f8078a829fd601d
0	0	30	0x1000000000000001
0	10000000000	30	0x107f8757d6029fe3
0	20000000000	30	0x10a820802a0a0077
0	30000000000	30	0x1761fd602aa7557f
0	40000000000	30	0x17f5555f882aaaab
0	50000000000	30	0x3d4aaab532d55555
0	60000000000	30	0x3ccb52cad54caad5
0	70000000000	30	0x3b52cb2ad4b4aacd
0	80000000000	30	0x3ad52cad2cad354d
0	90000000000	30	0x3000000000000001
0	100000000000	30	0x302a82078757dff7
0	110000000000	30	0x31fd61d57e1e0027
0	120000000000	30	0x3275f8757fe2007f
0	130000000000	30	0x32a0000a9d7fffff
0	140000000000	30	0x680aaaa077d55555
0	150000000000	30	0x689e029fd558aa81
0	160000000000	30	0x6f57df7fd5f5ff89
0	170000000000	30	0x6f8078a829fd601d
0	180000000000	30	0x6fffffffffffffff
10000000000	-180000000000	30	0x7ad52cad2cad354d
10000000000	-170000000000	30	0x7affb15cfbf9b63b
10000000000	-160000000000	30	0x7bd2cb29a920d56d
10000000000	-150000000000	30	0x790bd06c87ec77ab
10000000000	-140000000000	30	0x788d2d3e430780ab
10000000000	-130000000000	30	0x82678795b9a82a01
10000000000	-120000000000	30	0x83a12fc22d46cd01
10000000000	-110000000000	30	0x847d61d3068a2ac3
10000000000	-100000000000	30	0x85005be651570cc5
10000000000	-90000000000	30	0x8f8078a829fd601d
10000000000	-80000000000	30	0x8faaf148fbfce76f
10000000000	-70000000000	30	0x8e878a7dac348069
10000000000	-60000000000	30	0x8c4b856982bc27ab
10000000000	-50000000000	30	0x8cdd7d6b1252d4ab
10000000000	-40000000000	30	0x09c8283f170281ff
10000000000	-30000000000	30	0x091e8538d7e962ff
10000000000	-20000000000	30	0x0ed7df78fc618039
10000000000	-10000000000	30	0x0faae40daeada26f
10000000000	0	30	0x102a82078757dff7
10000000000	10000000000	30	0x10551bf251525d91
10000000000	20000000000	30	0x11282087039e7fc7
10000000000	30000000000	30	0x16e17ac728169d01
10000000000	40000000000	30	0x1637d7c0e8fd7e01
10000000000	50000000000	30	0x3d98786a4657d5ff
10000000000	60000000000	30	0x3c5ed03dd2b932ff
10000000000	70000000000	30	0x3b829e2cf975d53d
10000000000	80000000000	30	0x3affa419aea8f33b
10000000000	90000000000	30	0x307f8757d6029fe3
10000000000	100000000000	30	0x30550eb704031891
10000000000	110000000000	30	0x3178758253cb7f97
10000000000	120000000000	30	0x33b47a967d43d855
10000000000	130000000000	30	0x33228294edad2b55
10000000000	140000000000	30	0x6772d2c1bcf87f55
10000000000	150000000000	30	0x66f42f9378138855
10000000000	160000000000	30	0x642d34d656df2a93
10000000000	170000000000	30	0x65004ea3040649c5
10000000000	180000000000	30	0x652ad352d352cab3
20000000000	-180000000000	30	0x7b52cb2ad4b4aacd
20000000000	-170000000000	30	0x7b78567d7c05a017
20000000000	-160000000000	30	0x7bf98b9db5c15f0f
20000000000	-150000000000	30	0x7ecb506d008e7f1f
20000000000	-140000000000	30	0x7f481d9788d5f563
20000000000	-130000000000	30	0x81f2b33d322b4acd
20000000000	-120000000000	30	0x8161fa97aa65d5b5
20000000000	-110000000000	30	0x840361271f3eb4e5
20000000000	-100000000000	30	0x85d2fdd2d3fb1fed
20000000000	-90000000000	30	0x8f57df7fd5f5ff89
20000000000	-80000000000	30	0x8f2853787950f547
20000000000	-70000000000	30	0x8eadde89a1940a5b
20000000000	-60000000000	30	0x8b8a053854db7e5f
20000000000	-50000000000	30	0x8b5d58929c80a077
20000000000	-40000000000	30	0x0a1809c7d981e027
20000000000	-30000000000	30	0x0bdf503d01cf2b0b
20000000000	-20000000000	30	0x0ea8cbccf4941e4f
20000000000	-10000000000	30	0x0e7d07282951b543
20000000000	0	30	0x11fd61d57e1e0027
20000000000	10000000000	30	0x1182f8d7d6ae4abd
20000000000	20000000000	30	0x115734330b6be1b1
20000000000	30000000000	30	0x1420afc2fe30d4f5
20000000000	40000000000	30	0x15e7f638267e1fd9
20000000000	50000000000	30	0x3e0d4cc2cdd4b533
20000000000	60000000000	30	0x3e9e0568559a2a4b
20000000000	70000000000	30	0x3bfc9ed8e0c14b1b
20000000000	80000000000	30	0x3a2d022d2c04e013
20000000000	90000000000	30	0x30a820802a0a0077
20000000000	100000000000	30	0x30d7ac8786af0ab9
20000000000	110000000000	30	0x315221765e6bf5a5
20000000000	120000000000	30	0x3475fac7ab2481a1
20000000000	130000000000	30	0x34a2a76d637f5f89
20000000000	140000000000	30	0x60b7e268772a0a9d
20000000000	150000000000	30	0x6134af92ff7180e1
20000000000	160000000000	30	0x640674624a3ea0f1
20000000000	170000000000	30	0x6487a98283fa5fe9
20000000000	180000000000	30	0x64ad34d52b4b5533
30000000000	-180000000000	30	0x7ccb52cad54caad5
30000000000	-170000000000	30	0x7cf66485a9650b47
30000000000	-160000000000	30	0x7c25611dcbc1f85b
30000000000	-150000000000	30	0x7ef42e6b7f6e0981
30000000000	-140000000000	30	0x7f980a670fd2ccd3
30000000000	-130000000000	30	0x8037e1c9b07d6279
30000000000	-120000000000	30	0x811e85c181c5e22b
30000000000	-110000000000	30	0x86cfdef6613f52e5
30000000000	-100000000000	30	0x8658da2e538fb5ed
30000000000	-90000000000	30	0x889e029fd558aa81
30000000000	-80000000000	30	0x88e23184fc251f43
30000000000	-70000000000	30	0x8965344c8b94a84f
30000000000	-60000000000	30	0x8bb47b6a2b3b58d5
30000000000	-50000000000	30	0x8add5f731a8789d7
30000000000	-40000000000	30	0x0a8d4b225ad7d883
30000000000	-30000000000	30	0x0ba12f3f2a6f4c81
30000000000	-20000000000	30	0x0c707458de95fd0f
30000000000	-10000000000	30	0x0db370d0f9305e17
30000000000	0	30	0x1275f8757fe2007f
30000000000	10000000000	30	0x124c8f2f06cfa1e9
30000000000	20000000000	30	0x138f8ba7216a02f1
30000000000	30000000000	30	0x145ed0c0d590b37f
30000000000	40000000000	30	0x1572b4dda528277d
30000000000	50000000000	30	0x3fc81e364f829d87
30000000000	60000000000	30	0x3ee17a3e7e3a1dd5
30000000000	70000000000	30	0x393021099ec0ad1b
30000000000	80000000000	30	0x39a725d1ac704a13
30000000000	90000000000	30	0x3761fd602aa7557f
30000000000	100000000000	30	0x371dce7b03dae0bd
30000000000	110000000000	30	0x369acbb3746b57b1
30000000000	120000000000	30	0x344b8495d4c4a72b
30000000000	130000000000	30	0x3522a08ce5787629
30000000000	140000000000	30	0x6067f598f02d332d
30000000000	150000000000	30	0x610bd1948091f67f
30000000000	160000000000	30	0x63da9ee2343e07a5
30000000000	170000000000	30	0x63099b7a569af4b9
30000000000	180000000000	30	0x6334ad352ab3552b
40000000000	-180000000000	30	0x7d4aaab532d55555
40000000000	-170000000000	30	0x7d751b7867485de3
40000000000	-160000000000	30	0x7de5a32a54349d0f
40000000000	-150000000000	30	0x7e214820628e9e7f
40000000000	-140000000000	30	0x556ffab33415e387
40000000000	-130000000000	30	0x553aafe27414a683
40000000000	-120000000000	30	0x809ea29fcd2475d5
40000000000	-110000000000	30	0x874f0d81ab9e77b1
40000000000	-100000000000	30	0x879fa5d2dde7b609
40000000000	-90000000000	30	0x880aaaa077d55555
40000000000	-80000000000	30	0x88350f28360d0ca7
40000000000	-70000000000	30	0x89f1b77f0120cd1b
40000000000	-60000000000	30	0x8a74187577cecb7f
40000000000	-50000000000	30	0x4ac5501d8beb597d
40000000000	-40000000000	30	0x4a90054ccbea1c79
40000000000	-30000000000	30	0x0b340d35279bdf2b
40000000000	-20000000000	30	0x0ca4e62b0175d85b
40000000000	-10000000000	30	0x0d204e7d735d18b3
40000000000	0	30	0x12a0000a9d7fffff
40000000000	10000000000	30	0x12dfb1828ca2e74d
40000000000	20000000000	30	0x135b19d4fe8a27a5
40000000000	30000000000	30	0x14cbf2cad86420d5
40000000000	40000000000	30	0x406ffaa76140b3d7
40000000000	50000000000	30	0x403aaff62141f6d3
40000000000	60000000000	30	0x3f615d6032db8a2b
40000000000	70000000000	30	0x38b0f27e5461884f
40000000000	80000000000	30	0x38605a2d221849f7
40000000000	90000000000	30	0x37f5555f882aaaab
40000000000	100000000000	30	0x37caf0d7c9f2f359
40000000000	110000000000	30	0x360e4880fedf32e5
40000000000	120000000000	30	0x358be78a88313481
40000000000	130000000000	30	0x5fc55009debe092d
40000000000	140000000000	30	0x5f9005589ebf4c29
40000000000	150000000000	30	0x61deb7df9d716181
40000000000	160000000000	30	0x621a5cd5abcb62f1
40000000000	170000000000	30	0x628ae48798b7a21d
40000000000	180000000000	30	0x62b5554acd2aaaab
50000000000	-180000000000	30	0x57f5555f882aaaab
50000000000	-170000000000	30	0x57b7ba1e2e5e5aab
50000000000	-160000000000	30	0x5642465e5ea69337
50000000000	-150000000000	30	0x55d6042b0301d0c5
50000000000	-140000000000	30	0x54361576d6647951
50000000000	-130000000000	30	0x54674033d3712c05
50000000000	-120000000000	30	0x5482047e525585c5
50000000000	-110000000000	30	0x5313124a4be39623
50000000000	-100000000000	30	0x52e7bb5f7a4a4fff
50000000000	-90000000000	30	0x52a0000a9d7fffff
50000000000	-80000000000	30	0x4d1844a085b5b001
50000000000	-70000000000	30	0x4cecedb5b41c69dd
50000000000	-60000000000	30	0x4b7dfb81adaa7a3b
50000000000	-50000000000	30	0x4b98bfcc2c8ed3fb
50000000000	-40000000000	30	0x4bc9ea89299b86af
50000000000	-30000000000	30	0x4a29fbd4fcfe2f3b
50000000000	-20000000000	30	0x49bdb9a1a1596cc9
50000000000	-10000000000	30	0x484845e1d1a1a555
50000000000	0	30	0x480aaaa077d55555
50000000000	10000000000	30	0x47a2ee0a7b0b0fff
50000000000	20000000000	30	0x4716430b0bf6c273
50000000000	30000000000	30	0x40d3512a57008491
50000000000	40000000000	30	0x4122152687242951
50000000000	50000000000	30	0x4173406382317c05
50000000000	60000000000	30	0x4187517f0654d191
50000000000	70000000000	30	0x4247171f1eb3c767
50000000000	80000000000	30	0x42f2ef4b2f1f1aab
50000000000	90000000000	30	0x5d4aaab532d55555
50000000000	100000000000	30	0x5d0d10b4d0e0e555
50000000000	110000000000	30	0x5db8e8e0e14c3899
50000000000	120000000000	30	0x5e78ae80f9ab2e6f
50000000000	130000000000	30	0x5e8cbf9c7dce83fb
50000000000	140000000000	30	0x5eddead978dbd6af
50000000000	150000000000	30	0x5f2caed5a8ff7b6f
50000000000	160000000000	30	0x58e9bcf4f4093d8d
50000000000	170000000000	30	0x585d11f584f4f001
50000000000	180000000000	30	0x57f5555f882aaaab
60000000000	-180000000000	30	0x5761fd602aa7557f
60000000000	-170000000000	30	0x5714f7e151e3d2a9
60000000000	-160000000000	30	0x56dfcffc7d580871
60000000000	-150000000000	30	0x56c70dadb49dd3b3
60000000000	-140000000000	30	0x56ac3361ffa0190b
60000000000	-130000000000	30	0x53fc6220aae00c4b
60000000000	-120000000000	30	0x53c25cf9a0cc86f7
60000000000	-110000000000	30	0x53ca8ff978081d31
60000000000	-100000000000	30	0x5241a7f405f687fd
60000000000	-90000000000	30	0x5275f8757fe2007f
60000000000	-80000000000	30	0x4dbe580bfa097803
60000000000	-70000000000	30	0x4c35700687f7e2cf
60000000000	-60000000000	30	0x4c3da3065f337909
60000000000	-50000000000	30	0x4c039ddf551ff3b5
60000000000	-40000000000	30	0x4953cc9e005fe6f5
60000000000	-30000000000	30	0x4938f2524b622c4d
60000000000	-20000000000	30	0x4920300382a7f78f
60000000000	-10000000000	30	0x48eb081eae1c2d57
60000000000	0	30	0x489e029fd558aa81
60000000000	10000000000	30	0x4640e2a150a6d7f9
60000000000	20000000000	30	0x468adaa9281d5825
60000000000	30000000000	30	0x469648fcf5d8d6e3
60000000000	40000000000	30	0x46a92734aaf5491f
60000000000	50000000000	30	0x43f97675ffb55c5f
60000000000	60000000000	30	0x439319a8e18983a7
60000000000	70000000000	30	0x439f9aac2d4d4d65
60000000000	80000000000	30	0x4315b2b404b382ad
60000000000	90000000000	30	0x5ccb52cad54caad5
60000000000	100000000000	30	0x5cea4d4bfb4c7d53
60000000000	110000000000	30	0x5c606553d2b2b29b
60000000000	120000000000	30	0x5c6ce6571e767c59
60000000000	130000000000	30	0x5c06898a004aa3a1
60000000000	140000000000	30	0x5956d8cb550ab6e1
60000000000	150000000000	30	0x5969b7030a27291d
60000000000	160000000000	30	0x59752556d7e2a7db
60000000000	170000000000	30	0x59bf1d5eaf592807
60000000000	180000000000	30	0x5761fd602aa7557f
70000000000	-180000000000	30	0x50a820802a0a0077
70000000000	-170000000000	30	0x50b0afae834d9743
70000000000	-160000000000	30	0x50c500a1a99eb033
70000000000	-150000000000	30	0x50df6d9a45a05101
70000000000	-140000000000	30	0x5119b80ed6bf0051
70000000000	-130000000000	30	0x510dbd5bd3ea5505
70000000000	-120000000000	30	0x519e39cf10f50455
70000000000	-110000000000	30	0x519054b5ac8bf063
70000000000	-100000000000	30	0x51f1fafbd759c617
70000000000	-90000000000	30	0x51fd61d57e1e0027
70000000000	-80000000000	30	0x4e0e050428a639e9
70000000000	-70000000000	30	0x4e6fab4a53740f9d
70000000000	-60000000000	30	0x4e61c630ef0afbab
70000000000	-50000000000	30	0x4ef242a42c15aafb
70000000000	-40000000000	30	0x4ee647f12940ffaf
70000000000	-30000000000	30	0x4f209265ba5faeff
70000000000	-20000000000	30	0x4f3aff5e56614fcd
70000000000	-10000000000	30	0x4f4f50517cb268bd
70000000000	0	30	0x4f57df7fd5f5ff89
70000000000	10000000000	30	0x45e5fafb861cc347
70000000000	20000000000	30	0x45c501e0fdcbe527
70000000000	30000000000	30	0x45cb3cdb11b50455
70000000000	40000000000	30	0x4448ed4e86be5505
70000000000	50000000000	30	0x445ce81b83eb0051
70000000000	60000000000	30	0x448a688e44e05101
70000000000	70000000000	30	0x449055f4f8dea577
70000000000	80000000000	30	0x44a4afaed2089213
70000000000	90000000000	30	0x5b52cb2ad4b4aacd
70000000000	100000000000	30	0x5b5b50512df76ded
70000000000	110000000000	30	0x5b6faa0b07215a89
70000000000	120000000000	30	0x5b759771bb1faeff
70000000000	130000000000	30	0x5ba317e47c14ffaf
70000000000	140000000000	30	0x5bb712b17941aafb
70000000000	150000000000	30	0x5a34c324ee4afbab
70000000000	160000000000	30	0x5a3afe1f02341ad9
70000000000	170000000000	30	0x5a1a050479e33cb9
70000000000	180000000000	30	0x50a820802a0a0077
80000000000	-180000000000	30	0x507f8757d6029fe3
80000000000	-170000000000	30	0x507c5387564f445b
80000000000	-160000000000	30	0x5063ed031649cd15
80000000000	-150000000000	30	0x506762eaa7d1b485
80000000000	-140000000000	30	0x5044a966aa7df543
80000000000	-130000000000	30	0x5045fc23ff78a013
80000000000	-120000000000	30	0x503627bff784e185
80000000000	-110000000000	30	0x5033e852425d9d15
80000000000	-100000000000	30	0x502c5682070e111b
80000000000	-90000000000	30	0x502a82078757dff7
80000000000	-80000000000	30	0x4fd3a97df8f1eee5
80000000000	-70000000000	30	0x4fcc17adbda262eb
80000000000	-60000000000	30	0x4fc9d840087b1e7b
80000000000	-50000000000	30	0x4fba03dc00875fed
80000000000	-40000000000	30	0x4fbb569955820abd
80000000000	-30000000000	30	0x4f989d15582e4b7b
80000000000	-20000000000	30	0x4f9c12fce9b632eb
80000000000	-10000000000	30	0x4f83ac78a9b0bba5
80000000000	0	30	0x4f8078a829fd601d
80000000000	10000000000	30	0x457903d6025b444f
80000000000	20000000000	30	0x4576b85713188841
80000000000	30000000000	30	0x457332eab285a0d1
80000000000	40000000000	30	0x4511f936ab29e017
80000000000	50000000000	30	0x4510ac73fe2cb547
80000000000	60000000000	30	0x452277bfe2d0f5d1
80000000000	70000000000	30	0x4526bd06470cd841
80000000000	80000000000	30	0x452906d3531a110f
80000000000	90000000000	30	0x5ad52cad2cad354d
80000000000	100000000000	30	0x5ad6f92cace5eef1
80000000000	110000000000	30	0x5ad942f9b8f327bf
80000000000	120000000000	30	0x5add88401d2f0a2f
80000000000	130000000000	30	0x5aef538c01d34ab9
80000000000	140000000000	30	0x5aee06c954d61fe9
80000000000	150000000000	30	0x5a8ccd154d7a5f2f
80000000000	160000000000	30	0x5a8947a8ece777bf
80000000000	170000000000	30	0x5a86fc29fda4bbb1
80000000000	180000000000	30	0x507f8757d6029fe3
90000000000	-180000000000	30	0x5000000000000001
90000000000	-170000000000	30	0x5000000000000001
90000000000	-160000000000	30	0x5000000000000001
90000000000	-150000000000	30	0x5000000000000001
90000000000	-140000000000	30	0x5000000000000001
90000000000	-130000000000	30	0x5000000000000001
90000000000	-120000000000	30	0x5000000000000001
90000000000	-110000000000	30	0x5000000000000001
90000000000	-100000000000	30	0x5000000000000001
90000000000	-90000000000	30	0x5000000000000001
90000000000	-80000000000	30	0x5000000000000001
90000000000	-70000000000	30	0x5000000000000001
90000000000	-60000000000	30	0x5000000000000001
90000000000	-50000000000	30	0x5000000000000001
90000000000	-40000000000	30	0x5000000000000001
90000000000	-30000000000	30	0x5000000000000001
90000000000	-20000000000	30	0x5000000000000001
90000000000	-10000000000	30	0x5000000000000001
90000000000	0	30	0x5000000000000001
90000000000	10000000000	30	0x5000000000000001
90000000000	20000000000	30	0x5000000000000001
90000000000	30000000000	30	0x5000000000000001
90000000000	40000000000	30	0x5000000000000001
90000000000	50000000000	30	0x5000000000000001
90000000000	60000000000	30	0x5000000000000001
90000000000	70000000000	30	0x5000000000000001
90000000000	80000000000	30	0x5000000000000001
90000000000	90000000000	30	0x5000000000000001
90000000000	100000000000	30	0x5000000000000001
90000000000	110000000000	30	0x5000000000000001
90000000000	120000000000	30	0x5000000000000001
90000000000	130000000000	30	0x5000000000000001
90000000000	140000000000	30	0x5000000000000001
90000000000	150000000000	30	0x5000000000000001
90000000000	160000000000	30	0x5000000000000001
90000000000	170000000000	30	0x5000000000000001
90000000000	180000000000	30	0x5000000000000001
0	0	0	0x1000000000000000
0	0	1	0x1400000000000000
0	0	2	0x1100000000000000
0	0	3	0x1040000000000000
0	0	4	0x1010000000000000
0	0	5	0x1004000000000000
0	0	6	0x1001000000000000
0	0	7	0x1000400000000000
0	0	8	0x1000100000000000
0	0	9	0x1000040000000000
0	0	10	0x1000010000000000
0	0	11	0x1000004000000000
0	0	12	0x1000001000000000
0	0	13	0x1000000400000000
0	0	14	0x1000000100000000
0	0	15	0x1000000040000000
0	0	16	0x1000000010000000
0	0	17	0x1000000004000000
0	0	18	0x1000000001000000
0	0	19	0x1000000000400000
0	0	20	0x1000000000100000
0	0	21	0x1000000000040000
0	0	22	0x1000000000010000
0	0	23	0x1000000000004000
0	0	24	0x1000000000001000
0	0	25	0x1000000000000400
0	0	26	0x1000000000000100
0	0	27	0x1000000000000040
0	0	28	0x1000000000000010
0	0	29	0x1000000000000004
0	0	30	0x1000000000000001
37774900000	-122419400000	0	0x9000000000000000
37774900000	-122419400000	1	0x8400000000000000
37774900000	-122419400000	2	0x8100000000000000
37774900000	-122419400000	3	0x80c0000000000000
37774900000	-122419400000	4	0x8090000000000000
37774900000	-122419400000	5	0x8084000000000000
37774900000	-122419400000	6	0x8085000000000000
37774900000	-122419400000	7	0x8085c00000000000
37774900000	-122419400000	8	0x8085900000000000
37774900000	-122419400000	9	0x8085840000000000
37774900000	-122419400000	10	0x8085810000000000
37774900000	-122419400000	11	0x808580c000000000
37774900000	-122419400000	12	0x8085809000000000
37774900000	-122419400000	13	0x8085809c00000000
37774900000	-122419400000	14	0x8085809f00000000
37774900000	-122419400000	15	0x8085809ec0000000
37774900000	-122419400000	16	0x8085809e90000000
37774900000	-122419400000	17	0x8085809e8c000000
37774900000	-122419400000	18	0x8085809e8f000000
37774900000	-122419400000	19	0x8085809e8ec00000
37774900000	-122419400000	20	0x8085809e8e900000
37774900000	-122419400000	21	0x8085809e8e8c0000
37774900000	-122419400000	22	0x8085809e8e8d0000
37774900000	-122419400000	23	0x8085809e8e8dc000
37774900000	-122419400000	24	0x8085809e8e8d9000
37774900000	-122419400000	25	0x8085809e8e8d8c00
37774900000	-122419400000	26	0x8085809e8e8d8d00
37774900000	-122419400000	27	0x8085809e8e8d8c40
37774900000	-122419400000	28	0x8085809e8e8d8c70
37774900000	-122419400000	29	0x8085809e8e8d8c64
37774900000	-122419400000	30	0x8085809e8e8d8c61
51507400000	-127800000	0	0x5000000000000000
51507400000	-127800000	1	0x4c00000000000000
51507400000	-127800000	2	0x4900000000000000
51507400000	-127800000	3	0x4840000000000000
51507400000	-127800000	4	0x4870000000000000
51507400000	-127800000	5	0x4874000000000000
51507400000	-127800000	6	0x4877000000000000
51507400000	-127800000	7	0x4876400000000000
51507400000	-127800000	8	0x4876100000000000
51507400000	-127800000	9	0x4876040000000000
51507400000	-127800000	10	0x4876050000000000
51507400000	-127800000	11	0x487604c000000000
51507400000	-127800000	12	0x487604d000000000
51507400000	-127800000	13	0x487604cc00000000
51507400000	-127800000	14	0x487604cf00000000
51507400000	-127800000	15	0x487604ce40000000
51507400000	-127800000	16	0x487604ce30000000
51507400000	-127800000	17	0x487604ce34000000
51507400000	-127800000	18	0x487604ce37000000
51507400000	-127800000	19	0x487604ce36400000
51507400000	-127800000	20	0x487604ce36700000
51507400000	-127800000	21	0x487604ce36740000
51507400000	-127800000	22	0x487604ce36750000
51507400000	-127800000	23	0x487604ce3674c000
51507400000	-127800000	24	0x487604ce36749000
51507400000	-127800000	25	0x487604ce36748c00
51507400000	-127800000	26	0x487604ce36748f00
51507400000	-127800000	27	0x487604ce36748fc0
51507400000	-127800000	28	0x487604ce36748fb0
51507400000	-127800000	29	0x487604ce36748fac
51507400000	-127800000	30	0x487604ce36748fa9
35689500000	139691700000	0	0x7000000000000000
35689500000	139691700000	1	0x6400000000000000
35689500000	139691700000	2	0x6100000000000000
35689500000	139691700000	3	0x6040000000000000
35689500000	139691700000	4	0x6010000000000000
35689500000	139691700000	5	0x601c000000000000
35689500000	139691700000	6	0x6019000000000000
35689500000	139691700000	7	0x6018c00000000000
35689500000	139691700000	8	0x6018900000000000
35689500000	139691700000	9	0x60188c0000000000
35689500000	139691700000	10	0x60188d0000000000
35689500000	139691700000	11	0x60188cc000000000
35689500000	139691700000	12	0x60188cd000000000
35689500000	139691700000	13	0x60188cd400000000
35689500000	139691700000	14	0x60188cd500000000
35689500000	139691700000	15	0x60188cd4c0000000
35689500000	139691700000	16	0x60188cd4d0000000
35689500000	139691700000	17	0x60188cd4cc000000
35689500000	139691700000	18	0x60188cd4c9000000
35689500000	139691700000	19	0x60188cd4c8400000
35689500000	139691700000	20	0x60188cd4c8700000
35689500000	139691700000	21	0x60188cd4c86c0000
35689500000	139691700000	22	0x60188cd4c8690000
35689500000	139691700000	23	0x60188cd4c8684000
35689500000	139691700000	24	0x60188cd4c8683000
35689500000	139691700000	25	0x60188cd4c8683c00
35689500000	139691700000	26	0x60188cd4c8683900
35689500000	139691700000	27	0x60188cd4c86839c0
35689500000	139691700000	28	0x60188cd4c86839b0
35689500000	139691700000	29	0x60188cd4c86839bc
35689500000	139691700000	30	0x60188cd4c86839b9
-33868800000	151209300000	0	0x7000000000000000
-33868800000	151209300000	1	0x6c00000000000000
-33868800000	151209300000	2	0x6b00000000000000
-33868800000	151209300000	3	0x6b40000000000000
-33868800000	151209300000	4	0x6b10000000000000
-33868800000	151209300000	5	0x6b14000000000000
-33868800000	151209300000	6	0x6b13000000000000
-33868800000	151209300000	7	0x6b12c00000000000
-33868800000	151209300000	8	0x6b12b00000000000
-33868800000	151209300000	9	0x6b12ac0000000000
-33868800000	151209300000	10	0x6b12af0000000000
-33868800000	151209300000	11	0x6b12ae4000000000
-33868800000	151209300000	12	0x6b12ae3000000000
-33868800000	151209300000	13	0x6b12ae3c00000000
-33868800000	151209300000	14	0x6b12ae3f00000000
-33868800000	151209300000	15	0x6b12ae3fc0000000
-33868800000	151209300000	16	0x6b12ae3ff0000000
-33868800000	151209300000	17	0x6b12ae3ff4000000
-33868800000	151209300000	18	0x6b12ae3ff7000000
-33868800000	151209300000	19	0x6b12ae3ff6400000
-33868800000	151209300000	20	0x6b12ae3ff6300000
-33868800000	151209300000	21	0x6b12ae3ff62c0000
-33868800000	151209300000	22	0x6b12ae3ff6290000
-33868800000	151209300000	23	0x6b12ae3ff6294000
-33868800000	151209300000	24	0x6b12ae3ff6291000
-33868800000	151209300000	25	0x6b12ae3ff6290400
-33868800000	151209300000	26	0x6b12ae3ff6290100
-33868800000	151209300000	27	0x6b12ae3ff6290040
-33868800000	151209300000	28	0x6b12ae3ff6290050
-33868800000	151209300000	29	0x6b12ae3ff6290054
-33868800000	151209300000	30	0x6b12ae3ff6290055
55751200000	37618400000	0	0x5000000000000000
55751200000	37618400000	1	0x4400000000000000
55751200000	37618400000	2	0x4700000000000000
55751200000	37618400000	3	0x46c0000000000000
55751200000	37618400000	4	0x46b0000000000000
55751200000	37618400000	5	0x46b4000000000000
55751200000	37618400000	6	0x46b5000000000000
55751200000	37618400000	7	0x46b5400000000000
55751200000	37618400000	8	0x46b5500000000000
55751200000	37618400000	9	0x46b54c0000000000
55751200000	37618400000	10	0x46b54b0000000000
55751200000	37618400000	11	0x46b54a4000000000
55751200000	37618400000	12	0x46b54a5000000000
55751200000	37618400000	13	0x46b54a5400000000
55751200000	37618400000	14	0x46b54a5700000000
55751200000	37618400000	15	0x46b54a56c0000000
55751200000	37618400000	16	0x46b54a56d0000000
55751200000	37618400000	17	0x46b54a56dc000000
55751200000	37618400000	18	0x46b54a56d9000000
55751200000	37618400000	19	0x46b54a56d9400000
55751200000	37618400000	20	0x46b54a56d9100000
55751200000	37618400000	21	0x46b54a56d90c0000
55751200000	37618400000	22	0x46b54a56d9090000
55751200000	37618400000	23	0x46b54a56d909c000
55751200000	37618400000	24	0x46b54a56d909f000
55751200000	37618400000	25	0x46b54a56d909f400
55751200000	37618400000	26	0x46b54a56d909f700
55751200000	37618400000	27	0x46b54a56d909f740
55751200000	37618400000	28	0x46b54a56d909f770
55751200000	37618400000	29	0x46b54a56d909f76c
55751200000	37618400000	30	0x46b54a56d909f76d
-22906800000	-43172900000	0	0x1000000000000000
-22906800000	-43172900000	1	0x0400000000000000
-22906800000	-43172900000	2	0x0100000000000000
-22906800000	-43172900000	3	0x00c0000000000000
-22906800000	-43172900000	4	0x0090000000000000
-22906800000	-43172900000	5	0x009c000000000000
-22906800000	-43172900000	6	0x0099000000000000
-22906800000	-43172900000	7	0x0099c00000000000
-22906800000	-43172900000	8	0x0099900000000000
-22906800000	-43172900000	9	0x0099840000000000
-22906800000	-43172900000	10	0x0099810000000000
-22906800000	-43172900000	11	0x009981c000000000
-22906800000	-43172900000	12	0x009981f000000000
-22906800000	-43172900000	13	0x009981e400000000
-22906800000	-43172900000	14	0x009981e100000000
-22906800000	-43172900000	15	0x009981e040000000
-22906800000	-43172900000	16	0x009981e070000000
-22906800000	-43172900000	17	0x009981e06c000000
-22906800000	-43172900000	18	0x009981e069000000
-22906800000	-43172900000	19	0x009981e068400000
-22906800000	-43172900000	20	0x009981e068100000
-22906800000	-43172900000	21	0x009981e0680c0000
-22906800000	-43172900000	22	0x009981e0680b0000
-22906800000	-43172900000	23	0x009981e0680a4000
-22906800000	-43172900000	24	0x009981e0680a7000
-22906800000	-43172900000	25	0x009981e0680a7400
-22906800000	-43172900000	26	0x009981e0680a7700
-22906800000	-43172900000	27	0x009981e0680a77c0
-22906800000	-43172900000	28	0x009981e0680a77f0
-22906800000	-43172900000	29	0x009981e0680a77fc
-22906800000	-43172900000	30	0x009981e0680a77fb
48856600000	2352200000	0	0x5000000000000000
48856600000	2352200000	1	0x4400000000000000
48856600000	2352200000	2	0x4700000000000000
48856600000	2352200000	3	0x47c0000000000000
48856600000	2352200000	4	0x47f0000000000000
48856600000	2352200000	5	0x47e4000000000000
48856600000	2352200000	6	0x47e7000000000000
48856600000	2352200000	7	0x47e6400000000000
48856600000	2352200000	8	0x47e6700000000000
48856600000	2352200000	9	0x47e66c0000000000
48856600000	2352200000	10	0x47e66f0000000000
48856600000	2352200000	11	0x47e66e4000000000
48856600000	2352200000	12	0x47e66e1000000000
48856600000	2352200000	13	0x47e66e1c00000000
48856600000	2352200000	14	0x47e66e1d00000000
48856600000	2352200000	15	0x47e66e1dc0000000
48856600000	2352200000	16	0x47e66e1d90000000
48856600000	2352200000	17	0x47e66e1d8c000000
48856600000	2352200000	18	0x47e66e1d8f000000
48856600000	2352200000	19	0x47e66e1d8fc00000
48856600000	2352200000	20	0x47e66e1d8f900000
48856600000	2352200000	21	0x47e66e1d8f8c0000
48856600000	2352200000	22	0x47e66e1d8f8b0000
48856600000	2352200000	23	0x47e66e1d8f8bc000
48856600000	2352200000	24	0x47e66e1d8f8bf000
48856600000	2352200000	25	0x47e66e1d8f8be400
48856600000	2352200000	26	0x47e66e1d8f8be300
48856600000	2352200000	27	0x47e66e1d8f8be240
48856600000	2352200000	28	0x47e66e1d8f8be230
48856600000	2352200000	29	0x47e66e1d8f8be23c
48856600000	2352200000	30	0x47e66e1d8f8be23b
40712800000	-74006000000	0	0x9000000000000000
40712800000	-74006000000	1	0x8c00000000000000
40712800000	-74006000000	2	0x8900000000000000
40712800000	-74006000000	3	0x89c0000000000000
40712800000	-74006000000	4	0x89d0000000000000
40712800000	-74006000000	5	0x89c4000000000000
40712800000	-74006000000	6	0x89c3000000000000
40712800000	-74006000000	7	0x89c2400000000000
40712800000	-74006000000	8	0x89c2500000000000
40712800000	-74006000000	9	0x89c25c0000000000
40712800000	-74006000000	10	0x89c25b0000000000
40712800000	-74006000000	11	0x89c25a4000000000
40712800000	-74006000000	12	0x89c25a3000000000
40712800000	-74006000000	13	0x89c25a2400000000
40712800000	-74006000000	14	0x89c25a2300000000
40712800000	-74006000000	15	0x89c25a2240000000
40712800000	-74006000000	16	0x89c25a2210000000
40712800000	-74006000000	17	0x89c25a220c000000
40712800000	-74006000000	18	0x89c25a220d000000
40712800000	-74006000000	19	0x89c25a220cc00000
40712800000	-74006000000	20	0x89c25a220cf00000
40712800000	-74006000000	21	0x89c25a220cfc0000
40712800000	-74006000000	22	0x89c25a220cf90000
40712800000	-74006000000	23	0x89c25a220cf84000
40712800000	-74006000000	24	0x89c25a220cf81000
40712800000	-74006000000	25	0x89c25a220cf80c00
40712800000	-74006000000	26	0x89c25a220cf80900
40712800000	-74006000000	27	0x89c25a220cf80940
40712800000	-74006000000	28	0x89c25a220cf80970
40712800000	-74006000000	29	0x89c25a220cf8096c
40712800000	-74006000000	30	0x89c25a220cf80969
1352100000	103819800000	0	0x3000000000000000
1352100000	103819800000	1	0x3400000000000000
1352100000	103819800000	2	0x3100000000000000
1352100000	103819800000	3	0x31c0000000000000
1352100000	103819800000	4	0x31d0000000000000
1352100000	103819800000	5	0x31dc000000000000
1352100000	103819800000	6	0x31db000000000000
1352100000	103819800000	7	0x31da400000000000
1352100000	103819800000	8	0x31da100000000000
1352100000	103819800000	9	0x31da140000000000
1352100000	103819800000	10	0x31da110000000000
1352100000	103819800000	11	0x31da10c000000000
1352100000	103819800000	12	0x31da10d000000000
1352100000	103819800000	13	0x31da10cc00000000
1352100000	103819800000	14	0x31da10cd00000000
1352100000	103819800000	15	0x31da10ccc0000000
1352100000	103819800000	16	0x31da10ccf0000000
1352100000	103819800000	17	0x31da10cce4000000
1352100000	103819800000	18	0x31da10cce5000000
1352100000	103819800000	19	0x31da10cce4400000
1352100000	103819800000	20	0x31da10cce4100000
1352100000	103819800000	21	0x31da10cce41c0000
1352100000	103819800000	22	0x31da10cce41f0000
1352100000	103819800000	23	0x31da10cce41ec000
1352100000	103819800000	24	0x31da10cce41ef000
1352100000	103819800000	25	0x31da10cce41eec00
1352100000	103819800000	26	0x31da10cce41eed00
1352100000	103819800000	27	0x31da10cce41eedc0
1352100000	103819800000	28	0x31da10cce41eedb0
1352100000	103819800000	29	0x31da10cce41eedb4
1352100000	103819800000	30	0x31da10cce41eedb7
89999999000	0	0	0x5000000000000000
89999999000	0	5	0x4ffc000000000000
89999999000	0	10	0x4fffff0000000000
89999999000	0	15	0x4fffffffc0000000
89999999000	0	20	0x4ffffffffff00000
89999999000	0	25	0x4ffffffffffffc00
89999999000	0	30	0x4fffffffffffff57
-89999999000	0	0	0xb000000000000000
-89999999000	0	5	0xb004000000000000
-89999999000	0	10	0xb000010000000000
-89999999000	0	15	0xb000000040000000
-89999999000	0	20	0xb000000000100000
-89999999000	0	25	0xb000000000000400
-89999999000	0	30	0xb0000000000000a9
89999999000	90000000000	0	0x5000000000000000
89999999000	90000000000	5	0x5aac000000000000
89999999000	90000000000	10	0x5aaaab0000000000
89999999000	90000000000	15	0x5aaaaaaac0000000
89999999000	90000000000	20	0x5aaaaaaaaab00000
89999999000	90000000000	25	0x5aaaaaaaaaaaac00
89999999000	90000000000	30	0x5aaaaaaaaaaaab53
89999999000	-90000000000	0	0x5000000000000000
89999999000	-90000000000	5	0x5004000000000000
89999999000	-90000000000	10	0x5000010000000000
89999999000	-90000000000	15	0x5000000040000000
89999999000	-90000000000	20	0x5000000000100000
89999999000	-90000000000	25	0x5000000000000400
89999999000	-90000000000	30	0x50000000000001fd
89999999000	180000000000	0	0x5000000000000000
89999999000	180000000000	5	0x5004000000000000
89999999000	180000000000	10	0x5000010000000000
89999999000	180000000000	15	0x5000000040000000
89999999000	180000000000	20	0x5000000000100000
89999999000	180000000000	25	0x5000000000000400
89999999000	180000000000	30	0x50000000000000a9
-89999999000	90000000000	0	0xb000000000000000
-89999999000	90000000000	5	0xb004000000000000
-89999999000	90000000000	10	0xb000010000000000
-89999999000	90000000000	15	0xb000000040000000
-89999999000	90000000000	20	0xb000000000100000
-89999999000	90000000000	25	0xb000000000000400
-89999999000	90000000000	30	0xb0000000000001fd
-89999999000	-90000000000	0	0xb000000000000000
-89999999000	-90000000000	5	0xbaac000000000000
-89999999000	-90000000000	10	0xbaaaab0000000000
-89999999000	-90000000000	15	0xbaaaaaaac0000000
-89999999000	-90000000000	20	0xbaaaaaaaaab00000
-89999999000	-90000000000	25	0xbaaaaaaaaaaaac00
-89999999000	-90000000000	30	0xbaaaaaaaaaaaab53
-89999999000	180000000000	0	0xb000000000000000
-89999999000	180000000000	5	0xaffc000000000000
-89999999000	180000000000	10	0xafffff0000000000
-89999999000	180000000000	15	0xafffffffc0000000
-89999999000	180000000000	20	0xaffffffffff00000
-89999999000	180000000000	25	0xaffffffffffffc00
-89999999000	180000000000	30	0xafffffffffffff57
0	179999999000	0	0x7000000000000000
0	179999999000	5	0x6ffc000000000000
0	179999999000	10	0x6fffff0000000000
0	179999999000	15	0x6fffffffc0000000
0	179999999000	20	0x6ffffffffff00000
0	179999999000	25	0x6ffffffffffffc00
0	179999999000	30	0x6fffffffffffff57
0	-179999999000	0	0x7000000000000000
0	-179999999000	5	0x7004000000000000
0	-179999999000	10	0x7000010000000000
0	-179999999000	15	0x7000000040000000
0	-179999999000	20	0x7000000000100000
0	-179999999000	25	0x7000000000000400
0	-179999999000	30	0x70000000000000a9
45000000000	179999999000	0	0x5000000000000000
45000000000	179999999000	5	0x5804000000000000
45000000000	179999999000	10	0x5800010000000000
45000000000	179999999000	15	0x5800000040000000
45000000000	179999999000	20	0x5800000000100000
45000000000	179999999000	25	0x5800000000000400
45000000000	179999999000	30	0x58000000000000a9
45000000000	-179999999000	0	0x5000000000000000
45000000000	-179999999000	5	0x57fc000000000000
45000000000	-179999999000	10	0x57ffff0000000000
45000000000	-179999999000	15	0x57ffffffc0000000
45000000000	-179999999000	20	0x57fffffffff00000
45000000000	-179999999000	25	0x57fffffffffffc00
45000000000	-179999999000	30	0x57fffffffffffe03
-45000000000	179999999000	0	0xb000000000000000
-45000000000	179999999000	5	0xa804000000000000
-45000000000	179999999000	10	0xa800010000000000
-45000000000	179999999000	15	0xa800000040000000
-45000000000	179999999000	20	0xa800000000100000
-45000000000	179999999000	25	0xa800000000000400
-45000000000	179999999000	30	0xa8000000000001fd
-45000000000	-179999999000	0	0xb000000000000000
-45000000000	-179999999000	5	0xa7fc000000000000
-45000000000	-179999999000	10	0xa7ffff0000000000
-45000000000	-179999999000	15	0xa7ffffffc0000000
-45000000000	-179999999000	20	0xa7fffffffff00000
-45000000000	-179999999000	25	0xa7fffffffffffc00
-45000000000	-179999999000	30	0xa7ffffffffffff57
0	0	0	0x1000000000000000
0	0	1	0x1400000000000000
0	0	2	0x1100000000000000
0	0	3	0x1040000000000000
0	0	4	0x1010000000000000
0	0	5	0x1004000000000000
0	0	6	0x1001000000000000
0	0	7	0x1000400000000000
0	0	8	0x1000100000000000
0	0	9	0x1000040000000000
0	0	10	0x1000010000000000
0	0	11	0x1000004000000000
0	0	12	0x1000001000000000
0	0	13	0x1000000400000000
0	0	14	0x1000000100000000
0	0	15	0x1000000040000000
0	0	16	0x1000000010000000
0	0	17	0x1000000004000000
0	0	18	0x1000000001000000
0	0	19	0x1000000000400000
0	0	20	0x1000000000100000
0	0	21	0x1000000000040000
0	0	22	0x1000000000010000
0	0	23	0x1000000000004000
0	0	24	0x1000000000001000
0	0	25	0x1000000000000400
0	0	26	0x1000000000000100
0	0	27	0x1000000000000040
0	0	28	0x1000000000000010
0	0	29	0x1000000000000004
0	0	30	0x1000000000000001
0	90000000000	0	0x3000000000000000
0	90000000000	1	0x3400000000000000
0	90000000000	2	0x3100000000000000
0	90000000000	3	0x3040000000000000
0	90000000000	4	0x3010000000000000
0	90000000000	5	0x3004000000000000
0	90000000000	6	0x3001000000000000
0	90000000000	7	0x3000400000000000
0	90000000000	8	0x3000100000000000
0	90000000000	9	0x3000040000000000
0	90000000000	10	0x3000010000000000
0	90000000000	11	0x3000004000000000
0	90000000000	12	0x3000001000000000
0	90000000000	13	0x3000000400000000
0	90000000000	14	0x3000000100000000
0	90000000000	15	0x3000000040000000
0	90000000000	16	0x3000000010000000
0	90000000000	17	0x3000000004000000
0	90000000000	18	0x3000000001000000
0	90000000000	19	0x3000000000400000
0	90000000000	20	0x3000000000100000
0	90000000000	21	0x3000000000040000
0	90000000000	22	0x3000000000010000
0	90000000000	23	0x3000000000004000
0	90000000000	24	0x3000000000001000
0	90000000000	25	0x3000000000000400
0	90000000000	26	0x3000000000000100
0	90000000000	27	0x3000000000000040
0	90000000000	28	0x3000000000000010
0	90000000000	29	0x3000000000000004
0	90000000000	30	0x3000000000000001
89000000000	0	0	0x5000000000000000
89000000000	0	1	0x4c00000000000000
89000000000	0	2	0x4f00000000000000
89000000000	0	3	0x4fc0000000000000
89000000000	0	4	0x4ff0000000000000
89000000000	0	5	0x4ffc000000000000
89000000000	0	6	0x4fff000000000000
89000000000	0	7	0x4fff400000000000
89000000000	0	8	0x4fff500000000000
89000000000	0	9	0x4fff5c0000000000
89000000000	0	10	0x4fff590000000000
89000000000	0	11	0x4fff58c000000000
89000000000	0	12	0x4fff58b000000000
89000000000	0	13	0x4fff58a400000000
89000000000	0	14	0x4fff58a100000000
89000000000	0	15	0x4fff58a040000000
89000000000	0	16	0x4fff58a010000000
89000000000	0	17	0x4fff58a00c000000
89000000000	0	18	0x4fff58a00b000000
89000000000	0	19	0x4fff58a00ac00000
89000000000	0	20	0x4fff58a00ab00000
89000000000	0	21	0x4fff58a00aac0000
89000000000	0	22	0x4fff58a00aab0000
89000000000	0	23	0x4fff58a00aaac000
89000000000	0	24	0x4fff58a00aaa9000
89000000000	0	25	0x4fff58a00aaa9c00
89000000000	0	26	0x4fff58a00aaa9f00
89000000000	0	27	0x4fff58a00aaa9e40
89000000000	0	28	0x4fff58a00aaa9e30
89000000000	0	29	0x4fff58a00aaa9e2c
89000000000	0	30	0x4fff58a00aaa9e2b
0	180000000000	0	0x7000000000000000
0	180000000000	1	0x6c00000000000000
0	180000000000	2	0x6f00000000000000
0	180000000000	3	0x6fc0000000000000
0	180000000000	4	0x6ff0000000000000
0	180000000000	5	0x6ffc000000000000
0	180000000000	6	0x6fff000000000000
0	180000000000	7	0x6fffc00000000000
0	180000000000	8	0x6ffff00000000000
0	180000000000	9	0x6ffffc0000000000
0	180000000000	10	0x6fffff0000000000
0	180000000000	11	0x6fffffc000000000
0	180000000000	12	0x6ffffff000000000
0	180000000000	13	0x6ffffffc00000000
0	180000000000	14	0x6fffffff00000000
0	180000000000	15	0x6fffffffc0000000
0	180000000000	16	0x6ffffffff0000000
0	180000000000	17	0x6ffffffffc000000
0	180000000000	18	0x6fffffffff000000
0	180000000000	19	0x6fffffffffc00000
0	180000000000	20	0x6ffffffffff00000
0	180000000000	21	0x6ffffffffffc0000
0	180000000000	22	0x6fffffffffff0000
0	180000000000	23	0x6fffffffffffc000
0	180000000000	24	0x6ffffffffffff000
0	180000000000	25	0x6ffffffffffffc00
0	180000000000	26	0x6fffffffffffff00
0	180000000000	27	0x6fffffffffffffc0
0	180000000000	28	0x6ffffffffffffff0
0	180000000000	29	0x6ffffffffffffffc
0	180000000000	30	0x6fffffffffffffff
0	-90000000000	0	0x9000000000000000
0	-90000000000	1	0x9400000000000000
0	-90000000000	2	0x9100000000000000
0	-90000000000	3	0x9040000000000000
0	-90000000000	4	0x9010000000000000
0	-90000000000	5	0x9004000000000000
0	-90000000000	6	0x9001000000000000
0	-90000000000	7	0x9000400000000000
0	-90000000000	8	0x9000100000000000
0	-90000000000	9	0x9000040000000000
0	-90000000000	10	0x9000010000000000
0	-90000000000	11	0x9000004000000000
0	-90000000000	12	0x9000001000000000
0	-90000000000	13	0x9000000400000000
0	-90000000000	14	0x9000000100000000
0	-90000000000	15	0x9000000040000000
0	-90000000000	16	0x9000000010000000
0	-90000000000	17	0x9000000004000000
0	-90000000000	18	0x9000000001000000
0	-90000000000	19	0x9000000000400000
0	-90000000000	20	0x9000000000100000
0	-90000000000	21	0x9000000000040000
0	-90000000000	22	0x9000000000010000
0	-90000000000	23	0x9000000000004000
0	-90000000000	24	0x9000000000001000
0	-90000000000	25	0x9000000000000400
0	-90000000000	26	0x9000000000000100
0	-90000000000	27	0x9000000000000040
0	-90000000000	28	0x9000000000000010
0	-90000000000	29	0x9000000000000004
0	-90000000000	30	0x9000000000000001
-89000000000	0	0	0xb000000000000000
-89000000000	0	1	0xb400000000000000
-89000000000	0	2	0xb100000000000000
-89000000000	0	3	0xb040000000000000
-89000000000	0	4	0xb010000000000000
-89000000000	0	5	0xb004000000000000
-89000000000	0	6	0xb001000000000000
-89000000000	0	7	0xb000c00000000000
-89000000000	0	8	0xb000b00000000000
-89000000000	0	9	0xb000a40000000000
-89000000000	0	10	0xb000a70000000000
-89000000000	0	11	0xb000a74000000000
-89000000000	0	12	0xb000a75000000000
-89000000000	0	13	0xb000a75c00000000
-89000000000	0	14	0xb000a75f00000000
-89000000000	0	15	0xb000a75fc0000000
-89000000000	0	16	0xb000a75ff0000000
-89000000000	0	17	0xb000a75ff4000000
-89000000000	0	18	0xb000a75ff5000000
-89000000000	0	19	0xb000a75ff5400000
-89000000000	0	20	0xb000a75ff5500000
-89000000000	0	21	0xb000a75ff5540000
-89000000000	0	22	0xb000a75ff5550000
-89000000000	0	23	0xb000a75ff5554000
-89000000000	0	24	0xb000a75ff5557000
-89000000000	0	25	0xb000a75ff5556400
-89000000000	0	26	0xb000a75ff5556100
-89000000000	0	27	0xb000a75ff55561c0
-89000000000	0	28	0xb000a75ff55561d0
-89000000000	0	29	0xb000a75ff55561d4
-89000000000	0	30	0xb000a75ff55561d5
-10000000000	-10000000000	30	0x05004ea3040649c5
-10000000000	-9000000000	30	0x05023ad9b093ba07
-10000000000	-8000000000	30	0x0502c526dfad1c77
-10000000000	-7000000000	30	0x051daf51151d3969
-10000000000	-6000000000	30	0x051e5c9416f7011b
-10000000000	-5000000000	30	0x052028e04aba69e1
-10000000000	-4000000000	30	0x0520dc6f9a860515
-10000000000	-3000000000	30	0x0527aebf8036c9b1
-10000000000	-2000000000	30	0x05285a11a59490d7
-10000000000	-1000000000	30	0x052a315d477d3687
-10000000000	0	30	0x1ad52cad2cad354d
-10000000000	1000000000	30	0x1ad5cea2b882c979
-10000000000	2000000000	30	0x1ad7a5ee5a6b6f29
-10000000000	3000000000	30	0x1ad851407fc9364f
-10000000000	4000000000	30	0x1adf23906579faeb
-10000000000	5000000000	30	0x1adfd71fb545961f
-10000000000	6000000000	30	0x1ae1a36be908fee5
-10000000000	7000000000	30	0x1ae250aeeae2c697
-10000000000	8000000000	30	0x1afd3ad92052e389
-10000000000	9000000000	30	0x1afdc5264f6c45f9
-10000000000	10000000000	30	0x1affb15cfbf9b63b
-9000000000	-10000000000	30	0x05072c7af0c8c9f7
-9000000000	-9000000000	30	0x050408b04f6470a7
-9000000000	-8000000000	30	0x0504a5cc57a98e47
-9000000000	-7000000000	30	0x051b847a40ce3167
-9000000000	-6000000000	30	0x05193723763a35b3
-9000000000	-5000000000	30	0x0522063f9e31f2b5
-9000000000	-4000000000	30	0x0523e61afb37f06b
-9000000000	-3000000000	30	0x0525ce1fcd4378fb
-9000000000	-2000000000	30	0x052f3aa5b1be442d
-9000000000	-1000000000	30	0x052c11e80cd36635
-9000000000	0	30	0x1ad34d4d333332ab
-9000000000	1000000000	30	0x1ad3ee17f32c99cb
-9000000000	2000000000	30	0x1ad0c55a4e41bbd3
-9000000000	3000000000	30	0x1ada31e032bc8705
-9000000000	4000000000	30	0x1adc19e504c80f95
-9000000000	5000000000	30	0x1addf9c061ce0d4b
-9000000000	6000000000	30	0x1ae6c8dc89c5ca4d
-9000000000	7000000000	30	0x1ae47b85bf31ce99
-9000000000	8000000000	30	0x1afb5a33a85671b9
-9000000000	9000000000	30	0x1afbf74fb09b8f59
-9000000000	10000000000	30	0x1af8d3850f373609
-8000000000	-10000000000	30	0x0507c9f066d022bb
-8000000000	-9000000000	30	0x0505e8651d91d9e3
-8000000000	-8000000000	30	0x05054659b487bbc5
-8000000000	-7000000000	30	0x051a66b1bda6309f
-8000000000	-6000000000	30	0x0519c3e176cf83db
-8000000000	-5000000000	30	0x0522a6c72ab294b3
-8000000000	-4000000000	30	0x052346972d502fbf
-8000000000	-3000000000	30	0x052524365596b1c9
-8000000000	-2000000000	30	0x052fc59d0f17bbd1
-8000000000	-1000000000	30	0x052dee606a00c6d5
-8000000000	0	30	0x1ad2b2d4d52acccd
-8000000000	1000000000	30	0x1ad2119f95ff392b
-8000000000	2000000000	30	0x1ad03a62f0e8442f
-8000000000	3000000000	30	0x1adadbc9aa694e37
-8000000000	4000000000	30	0x1adcb968d2afd041
-8000000000	5000000000	30	0x1add5938d54d6b4d
-8000000000	6000000000	30	0x1ae63c1e89307c25
-8000000000	7000000000	30	0x1ae5994e4259cf61
-8000000000	8000000000	30	0x1afab9a64b78443b
-8000000000	9000000000	30	0x1afa179ae26e261d
-8000000000	10000000000	30	0x1af8360f992fdd45
-7000000000	-10000000000	30	0x0508535b05db17f7
-7000000000	-9000000000	30	0x050ed80f3c444fd9
-7000000000	-8000000000	30	0x050e32e107b3626f
-7000000000	-7000000000	30	0x0511022cf31cdb0d
-7000000000	-6000000000	30	0x0516e16deee84bb3
-7000000000	-5000000000	30	0x053d813fb2d9f2ab
-7000000000	-4000000000	30	0x053c614f85529a43
-7000000000	-3000000000	30	0x053a56b5000bdda3
-7000000000	-2000000000	30	0x0530f0b2f895a40f
-7000000000	-1000000000	30	0x0533cea218a05eff
-7000000000	0	30	0x1accd3533532b335
-7000000000	1000000000	30	0x1acc315de75fa101
-7000000000	2000000000	30	0x1acf0f4d076a5bf1
-7000000000	3000000000	30	0x1ac5a94afff4225d
-7000000000	4000000000	30	0x1ac39eb07aad65bd
-7000000000	5000000000	30	0x1ac27ec04d260d55
-7000000000	6000000000	30	0x1ae91e921117b44d
-7000000000	7000000000	30	0x1aeefdd30ce324f3
-7000000000	8000000000	30	0x1af1cd1ef84c9d91
-7000000000	9000000000	30	0x1af127f0c3bbb027
-7000000000	10000000000	30	0x1af7aca4fa24e809
-6000000000	-10000000000	30	0x050a36725670476f
-6000000000	-9000000000	30	0x050c12b196ceee1f
-6000000000	-8000000000	30	0x050d92d77502cc59
-6000000000	-7000000000	30	0x0513b6730d652717
-6000000000	-6000000000	30	0x051440dc6f6f83a7
-6000000000	-5000000000	30	0x053e210b00888ccb
-6000000000	-4000000000	30	0x053ec13ad1dacf3f
-6000000000	-3000000000	30	0x0539a3c0e1c8a92f
-6000000000	-2000000000	30	0x053717428f17915b
-6000000000	-1000000000	30	0x05343c14c278432b
-6000000000	0	30	0x1acb34b4b332d4cd
-6000000000	1000000000	30	0x1acbc3eb3d87bcd5
-6000000000	2000000000	30	0x1ac8e8bd70e86ea5
-6000000000	3000000000	30	0x1ac65c3f1e3756d1
-6000000000	4000000000	30	0x1ac13ec52e2530c1
-6000000000	5000000000	30	0x1ac1def4ff777335
-6000000000	6000000000	30	0x1aebbf2390907c59
-6000000000	7000000000	30	0x1aec498cf29ad8e9
-6000000000	8000000000	30	0x1af26d288afd33a7
-6000000000	9000000000	30	0x1af3ed4e693111e1
-6000000000	10000000000	30	0x1af5c98da98fb891
-5000000000	-10000000000	30	0x050ad35c8ca4e831
-5000000000	-9000000000	30	0x050cb2b2f10ecd57
-5000000000	-8000000000	30	0x0572b2d9d28ae917
-5000000000	-7000000000	30	0x056cd367166889df
-5000000000	-6000000000	30	0x056b348de9c5ac6f
-5000000000	-5000000000	30	0x054000e032c5ea0b
-5000000000	-4000000000	30	0x0540a125cf5d48c1
-5000000000	-3000000000	30	0x054786c2df460f7d
-5000000000	-2000000000	30	0x0548263b7b949c19
-5000000000	-1000000000	30	0x054a096b3d5f342b
-5000000000	0	30	0x1ab554cad54d4aab
-5000000000	1000000000	30	0x1ab5f694c2a0cbd5
-5000000000	2000000000	30	0x1ab7d9c4846b63e7
-5000000000	3000000000	30	0x1ab8793d20b9f083
-5000000000	4000000000	30	0x1abf5eda30a2b73f
-5000000000	5000000000	30	0x1abfff1fcd3a15f5
-5000000000	6000000000	30	0x1a94cb72163a5391
-5000000000	7000000000	30	0x1a932c98e9977621
-5000000000	8000000000	30	0x1a8d4d262d7516e9
-5000000000	9000000000	30	0x1af34d4d0ef132a9
-5000000000	10000000000	30	0x1af52ca3735b17cf
-4000000000	-10000000000	30	0x0575c9fafbe5dfc5
-4000000000	-9000000000	30	0x0573ed429a6ef77d
-4000000000	-8000000000	30	0x057212e32a2d1d97
-4000000000	-7000000000	30	0x056c367d95633969
-4000000000	-6000000000	30	0x056bc123916374c3
-4000000000	-5000000000	30	0x0541e11658103f5f
-4000000000	-4000000000	30	0x054141385ccff23d
-4000000000	-3000000000	30	0x054666be55949bb7
-4000000000	-2000000000	30	0x0548c345ce406965
-4000000000	-1000000000	30	0x054be94775551709
-4000000000	0	30	0x1ab4b4b2d2ad52cb
-4000000000	1000000000	30	0x1ab416b88aaae8f7
-4000000000	2000000000	30	0x1ab73cba31bf969b
-4000000000	3000000000	30	0x1ab99941aa6b6449
-4000000000	4000000000	30	0x1abebec7a3300dc3
-4000000000	5000000000	30	0x1abe1ee9a7efc0a1
-4000000000	6000000000	30	0x1a943edc6e9c8b3d
-4000000000	7000000000	30	0x1a93c9826a9cc697
-4000000000	8000000000	30	0x1a8ded1cd5d2e269
-4000000000	9000000000	30	0x1a8c12bd65910883
-4000000000	10000000000	30	0x1a8a3605041a203b
-3000000000	-10000000000	30	0x0577ac705c2d3863
-3000000000	-9000000000	30	0x0570d9e82690e4cb
-3000000000	-8000000000	30	0x05703232582ce26f
-3000000000	-7000000000	30	0x056f03f96047cceb
-3000000000	-6000000000	30	0x0568e6b4bc4dd3b1
-3000000000	-5000000000	30	0x054283ddcadabff5
-3000000000	-4000000000	30	0x054373efd75cafbf
-3000000000	-3000000000	30	0x054504165f4bf3a9
-3000000000	-2000000000	30	0x054fa5edce42eea5
-3000000000	-1000000000	30	0x054dcebe36204087
-3000000000	0	30	0x1ab2d34ad54b532d
-3000000000	1000000000	30	0x1ab23141c9dfbf79
-3000000000	2000000000	30	0x1ab05a1231bd115b
-3000000000	3000000000	30	0x1abafbe9a0b40c57
-3000000000	4000000000	30	0x1abc8c1028a35041
-3000000000	5000000000	30	0x1abd7c223525400b
-3000000000	6000000000	30	0x1a97194b43b22c4f
-3000000000	7000000000	30	0x1a90fc069fb83315
-3000000000	8000000000	30	0x1a8fcdcda7d31d91
-3000000000	9000000000	30	0x1a8f2617d96f1b35
-3000000000	10000000000	30	0x1a88538fa3d2c79d
-2000000000	-10000000000	30	0x05784e865c2da2b3
-2000000000	-9000000000	30	0x057a3ad84cc58f55
-2000000000	-8000000000	30	0x057ac503022ce391
-2000000000	-7000000000	30	0x0565a5dbb53d2443
-2000000000	-6000000000	30	0x0566436bc4430bb9
-2000000000	-5000000000	30	0x055d633fd53a17fd
-2000000000	-4000000000	30	0x055c9217058e0535
-2000000000	-3000000000	30	0x055ae4b8d56bfb19
-2000000000	-2000000000	30	0x05504544f115a4a3
-2000000000	-1000000000	30	0x05523a12dfdfa31d
-2000000000	0	30	0x1aad32b2d3353353
-2000000000	1000000000	30	0x1aadc5ed20205ce3
-2000000000	2000000000	30	0x1aafbabb0eea5b5d
-2000000000	3000000000	30	0x1aa51b472a9404e7
-2000000000	4000000000	30	0x1aa36de8fa71facb
-2000000000	5000000000	30	0x1aa29cc02ac5e803
-2000000000	6000000000	30	0x1a99bc943bbcf447
-2000000000	7000000000	30	0x1a9a5a244ac2dbbd
-2000000000	8000000000	30	0x1a853afcfdd31c6f
-2000000000	9000000000	30	0x1a85c527b33a70ab
-2000000000	10000000000	30	0x1a87b179a3d25d4d
-1000000000	-10000000000	30	0x057f242e78d03d9d
-1000000000	-9000000000	30	0x057c108fbb16f007
-1000000000	-8000000000	30	0x057cba4d9e7d3d8f
-1000000000	-7000000000	30	0x05639b8ee99013a3
-1000000000	-6000000000	30	0x0561396bf1a67cf7
-1000000000	-5000000000	30	0x055e1c41aa126a9f
-1000000000	-4000000000	30	0x055ebc6d181a02eb
-1000000000	-3000000000	30	0x05599b952a667325
-1000000000	-2000000000	30	0x05573b4784ca247b
-1000000000	-1000000000	30	0x0554114015805e81
-1000000000	0	30	0x1aab4cb54aaacb2b
-1000000000	1000000000	30	0x1aabeebfea7fa17f
-1000000000	2000000000	30	0x1aa8c4b87b35db85
-1000000000	3000000000	30	0x1aa6646ad5998cdb
-1000000000	4000000000	30	0x1aa14392e7e5fd15
-1000000000	5000000000	30	0x1aa1e3be55ed9561
-1000000000	6000000000	30	0x1a9ec6940e598309
-1000000000	7000000000	30	0x1a9c6471166fec5d
-1000000000	8000000000	30	0x1a8345b26182c271
-1000000000	9000000000	30	0x1a83ef7044e90ff9
-1000000000	10000000000	30	0x1a80dbd1872fc263
0	-10000000000	30	0x0f8078a829fd601d
0	-9000000000	30	0x0f875808276277ff
0	-8000000000	30	0x0f87f7d5807f89d9
0	-7000000000	30	0x0f89d6027562a761
0	-6000000000	30	0x0f8a75f5f627809d
0	-5000000000	30	0x0ff5558a801d5fff
0	-4000000000	30	0x0ff5f5f7d7fd57df
0	-3000000000	30	0x0ff7d61fd55f5629
0	-2000000000	30	0x0ff877e282756207
0	-1000000000	30	0x0fff58a00aaa9e2b
0	0	30	0x1000000000000001
0	1000000000	30	0x1000a75ff55561d5
0	2000000000	30	0x1007881d7d8a9df9
0	3000000000	30	0x100829e02aa0a9d7
0	4000000000	30	0x100a0a082802a821
0	5000000000	30	0x100aaa757fe2a001
0	6000000000	30	0x10758a0a09d87f63
0	7000000000	30	0x107629fd8a9d589f
0	8000000000	30	0x1078082a7f807627
0	9000000000	30	0x1078a7f7d89d8801
0	10000000000	30	0x107f8757d6029fe3
1000000000	-10000000000	30	0x0f819b84822f9327
1000000000	-9000000000	30	0x0f86ba6510ec5aa9
1000000000	-8000000000	30	0x0f8610e320d79625
1000000000	-7000000000	30	0x0f892424473ab919
1000000000	-6000000000	30	0x0f8b93c14f1c8659
1000000000	-5000000000	30	0x0ff4b3bf01e89535
1000000000	-4000000000	30	0x0ff413c2f2a4a841
1000000000	-3000000000	30	0x0ff7243fd4dc988f
1000000000	-2000000000	30	0x0ff990bd7a749bd1
1000000000	-1000000000	30	0x0ffebbeabf7fb42b
1000000000	0	30	0x1001e20aa0007581
1000000000	1000000000	30	0x1001441540804bd5
1000000000	2000000000	30	0x10066f42858b642f
1000000000	3000000000	30	0x1008dbc02b236771
1000000000	4000000000	30	0x100bec3d0d5b57bf
1000000000	5000000000	30	0x100b4c40fe176acb
1000000000	6000000000	30	0x10746c3eb0e379a7
1000000000	7000000000	30	0x1076dbdbb8c546e7
1000000000	8000000000	30	0x1079ef1cdf2869db
1000000000	9000000000	30	0x1079459aef13a557
1000000000	10000000000	30	0x107e647b7dd06cd9
2000000000	-10000000000	30	0x0f82e47cf383181d
2000000000	-9000000000	30	0x0f849062e26e25ff
2000000000	-8000000000	30	0x0f856fada982596f
2000000000	-7000000000	30	0x0f8e4e711fc7cee9
2000000000	-6000000000	30	0x0f8db9946eedb443
2000000000	-5000000000	30	0x0ff2cd957f91ed53
2000000000	-4000000000	30	0x0ff239edaf65fa9f
2000000000	-3000000000	30	0x0ff04e167fc150f3
2000000000	-2000000000	30	0x0ffaefee5bbf0e0d
2000000000	-1000000000	30	0x0ffc91e8356048f7
2000000000	0	30	0x10029d58789fd8a9
2000000000	1000000000	30	0x10036e17ca9fb709
2000000000	2000000000	30	0x10051011a440f1f3
2000000000	3000000000	30	0x100fb1e9803eaf0d
2000000000	4000000000	30	0x100dc612509a0561
2000000000	5000000000	30	0x100d326a806e12ad
2000000000	6000000000	30	0x1072466b91124bbd
2000000000	7000000000	30	0x1071b18ee0383117
2000000000	8000000000	30	0x107a9052567da691
2000000000	9000000000	30	0x107b6f9d1d91da01
2000000000	10000000000	30	0x107d1b830c7ce7e3
3000000000	-10000000000	30	0x0f9d06cfb68792d9
3000000000	-9000000000	30	0x0f9b77429c6e5a75
3000000000	-8000000000	30	0x0f9a88d9b28709c5
3000000000	-7000000000	30	0x0f91a953dfbd2715
3000000000	-6000000000	30	0x0f92495f46e3790f
3000000000	-5000000000	30	0x0fed2c737570155f
3000000000	-4000000000	30	0x0fedc9452df20515
3000000000	-3000000000	30	0x0fefaeb8e1f41903
3000000000	-2000000000	30	0x0fe50f4370e8441b
3000000000	-1000000000	30	0x0fe371408ccaeb29
3000000000	0	30	0x101d7df57fe1fd87
3000000000	1000000000	30	0x101c8ebf733514d7
3000000000	2000000000	30	0x101af0bc8f17bbe5
3000000000	3000000000	30	0x101051471e0be6fd
3000000000	4000000000	30	0x101236bad20dfaeb
3000000000	5000000000	30	0x1012d38c8a8feaa1
3000000000	6000000000	30	0x106db6a0b91c86f1
3000000000	7000000000	30	0x106e56ac2042d8eb
3000000000	8000000000	30	0x106577264d78f63b
3000000000	9000000000	30	0x106488bd6391a58b
3000000000	10000000000	30	0x1062f93049786d27
4000000000	-10000000000	30	0x0f9e6750515b606f
4000000000	-9000000000	30	0x0f9947e824c44d87
4000000000	-8000000000	30	0x0f99e84d8182f639
4000000000	-7000000000	30	0x0f96ddd33fd9c393
4000000000	-6000000000	30	0x0f946bc93bd99f6d
4000000000	-5000000000	30	0x0feb4bb8e2bac1e1
4000000000	-4000000000	30	0x0febebc2f2701993
4000000000	-3000000000	30	0x0fe8dc14ff6a245d
4000000000	-2000000000	30	0x0fe668bb70eac3db
4000000000	-1000000000	30	0x0fe146bd9fffbce3
4000000000	0	30	0x101e1e1d7d57fd61
4000000000	1000000000	30	0x101eb9426000431d
4000000000	2000000000	30	0x101997448f153c25
4000000000	3000000000	30	0x101723eb0095dba3
4000000000	4000000000	30	0x1014143d0d8fe66d
4000000000	5000000000	30	0x1014b4471d453e1f
4000000000	6000000000	30	0x106b9436c4266093
4000000000	7000000000	30	0x1069222cc0263c6d
4000000000	8000000000	30	0x106617b27e7d09c7
4000000000	9000000000	30	0x1066b817db3bb279
4000000000	10000000000	30	0x106198afaea49f91
5000000000	-10000000000	30	0x0fa029f2360e479b
5000000000	-9000000000	30	0x0fa2081d1bb162ad
5000000000	-8000000000	30	0x0f9808327d2046ed
5000000000	-7000000000	30	0x0f96298cec926275
5000000000	-6000000000	30	0x0f958a37476e5691
5000000000	-5000000000	30	0x0feaaa4ad86e14b5
5000000000	-4000000000	30	0x0fea0bce65f2a36b
5000000000	-3000000000	30	0x0fe8296d75e8b1d7
5000000000	-2000000000	30	0x0fe78890d16a26b7
5000000000	-1000000000	30	0x0fe0a6c1c7f5de81
5000000000	0	30	0x101ffe207ff7e001
5000000000	1000000000	30	0x101f593e380a217f
5000000000	2000000000	30	0x1018776f2e95d949
5000000000	3000000000	30	0x1017d6928a174e29
5000000000	4000000000	30	0x1015f4319a0d5c95
5000000000	5000000000	30	0x101555b52791eb4b
5000000000	6000000000	30	0x106a75c8b891a96f
5000000000	7000000000	30	0x1069d673136d9d8b
5000000000	8000000000	30	0x1067f7cd82dfb913
5000000000	9000000000	30	0x105df7e2e44e9d53
5000000000	10000000000	30	0x105fd60dc9f1b865
6000000000	-10000000000	30	0x0fa0dddcfddae9c5
6000000000	-9000000000	30	0x0fa3e81b6c2445f5
6000000000	-8000000000	30	0x0fa3387cdfad63b3
6000000000	-7000000000	30	0x0fbc5dddb78f9db9
6000000000	-6000000000	30	0x0fbeea36c4c57909
6000000000	-5000000000	30	0x0fc09ee0fe326761
6000000000	-4000000000	30	0x0fc16bc57b307195
6000000000	-3000000000	30	0x0fc30c6a4b2353d1
6000000000	-2000000000	30	0x0fdceded25b83bf1
6000000000	-1000000000	30	0x0fde96bf6cd2e881
6000000000	0	30	0x10209e1e1d882a77
6000000000	1000000000	30	0x10216940932d177f
6000000000	2000000000	30	0x10231212da47c40f
6000000000	3000000000	30	0x103cf395b4dcac2f
6000000000	4000000000	30	0x103e943a84cf8e6b
6000000000	5000000000	30	0x103f611f01cd989f
6000000000	6000000000	30	0x104115c93b3a86f7
6000000000	7000000000	30	0x1043a22248706247
6000000000	8000000000	30	0x105cc78320529c4d
6000000000	9000000000	30	0x105c17e493dbba0b
6000000000	10000000000	30	0x105f22230225163b
7000000000	-10000000000	30	0x0fa7a9f1af30ed59
7000000000	-9000000000	30	0x0fa432b196eef077
7000000000	-8000000000	30	0x0fa4d85efd1dd891
7000000000	-7000000000	30	0x0fbbac8718f771a3
7000000000	-6000000000	30	0x0fb90bc61112e11d
7000000000	-5000000000	30	0x0fc77e951d774801
7000000000	-4000000000	30	0x0fc68bf02ffd30ed
7000000000	-3000000000	30	0x0fc4fc0affe1670d
7000000000	-2000000000	30	0x0fdb1b58533f0ea5
7000000000	-1000000000	30	0x0fd97149f34ae101
7000000000	0	30	0x10277df89fd809df
7000000000	1000000000	30	0x10268eb60cb51eff
7000000000	2000000000	30	0x1024e4a7acc0f15b
7000000000	3000000000	30	0x103b03f5001e98f3
7000000000	4000000000	30	0x1039740fd002cf13
7000000000	5000000000	30	0x1038816ae288b7ff
7000000000	6000000000	30	0x1046f439eeed1ee3
7000000000	7000000000	30	0x10445378e7088e5d
7000000000	8000000000	30	0x105b27a102e2276f
7000000000	9000000000	30	0x105bcd4e69110f89
7000000000	10000000000	30	0x1058560e50cf12a7
8000000000	-10000000000	30	0x0fa8674fc97ac811
8000000000	-9000000000	30	0x0faf47cfb33a7759
8000000000	-8000000000	30	0x0fafe8e31e7d113b
8000000000	-7000000000	30	0x0fb08c0f164d9a75
8000000000	-6000000000	30	0x0fb7695ed9657931
8000000000	-5000000000	30	0x0fc81c3dd5583f59
8000000000	-4000000000	30	0x0fc8bc6dd7fad041
8000000000	-3000000000	30	0x0fcf9b98fe395a67
8000000000	-2000000000	30	0x0fd06f77b1bd117b
8000000000	-1000000000	30	0x0fd7448ac1fe6c7f
8000000000	0	30	0x10281d7e2a802763
8000000000	1000000000	30	0x1028bb753e019381
8000000000	2000000000	30	0x102f90884e42ee85
8000000000	3000000000	30	0x1030646701c6a599
8000000000	4000000000	30	0x1037439228052fbf
8000000000	5000000000	30	0x1037e3c22aa7c0a7
8000000000	6000000000	30	0x104896a1269a86cf
8000000000	7000000000	30	0x104f73f0e9b2658b
8000000000	8000000000	30	0x1050171ce182eec5
8000000000	9000000000	30	0x1050b8304cc588a7
8000000000	10000000000	30	0x105798b0368537ef
9000000000	-10000000000	30	0x0fa986d04e72221d
9000000000	-9000000000	30	0x0faea60fa4ce9b4d
9000000000	-8000000000	30	0x0fae0f26fd0224e9
9000000000	-7000000000	30	0x0fb17bd0ea259b8d
9000000000	-6000000000	30	0x0fb699999d90de59
9000000000	-5000000000	30	0x0fc9fcc034da180b
9000000000	-4000000000	30	0x0fc95cb051dd4fc1
9000000000	-3000000000	30	0x0fce64b527e8d651
9000000000	-2000000000	30	0x0fd1901b0f15bb83
9000000000	-1000000000	30	0x0fd6bb47e77ddcdf
9000000000	0	30	0x1029e2a789d89d55
9000000000	1000000000	30	0x102944b818822321
9000000000	2000000000	30	0x102e6fe4f0ea447d
9000000000	3000000000	30	0x10319b4ad81729af
9000000000	4000000000	30	0x1036a34fae22b03f
9000000000	5000000000	30	0x1036033fcb25e7f5
9000000000	6000000000	30	0x10496666626f21a7
9000000000	7000000000	30	0x104e842f15da6473
9000000000	8000000000	30	0x1051f0d902fddb17
9000000000	9000000000	30	0x105159f05b3164b3
9000000000	10000000000	30	0x1056792fb18ddde3
10000000000	-10000000000	30	0x0faae40daeada26f
10000000000	-9000000000	30	0x0fac90631a6910a9
10000000000	-8000000000	30	0x0fad6fcc6057b3d9
10000000000	-7000000000	30	0x0fb304aeeaf793c3
10000000000	-6000000000	30	0x0fb4f23ebc4dabb1
10000000000	-5000000000	30	0x0fca830af544c20b
10000000000	-4000000000	30	0x0fcb73c5702dfaeb
10000000000	-3000000000	30	0x0fcd04152a8c225b
10000000000	-2000000000	30	0x0fd2f0bb0f6a3b79
10000000000	-1000000000	30	0x0fd48eb7ecd29929
10000000000	0	30	0x102a82078757dff7
10000000000	1000000000	30	0x102b7148132d66d7
10000000000	2000000000	30	0x102d0f44f095c487
10000000000	3000000000	30	0x1032fbead573dda5
10000000000	4000000000	30	0x10348c3a8fd20515
10000000000	5000000000	30	0x10357cf50abb3df5
10000000000	6000000000	30	0x104b0dc143b2544f
10000000000	7000000000	30	0x104cfb5115086c3d
10000000000	8000000000	30	0x105290339fa84c27
10000000000	9000000000	30	0x10536f9ce596ef57
10000000000	10000000000	30	0x10551bf251525d91
